planner,configuration,heuristic,search,benchmark,instance,status,compatible,return_code,wall_seconds,max_rss_kb,peak_group_rss_kb,limit_reason,plan_length,expanded_nodes,metric_value,objective_value,validation,plan_path,case_directory,factor_a,factor_b
metric-ff-cross-v1,h-numeric-hff__s-default,numeric-hff,default,controlled_logistics,logistics__fuel-loose__budget-loose,solved,true,0,0.201033,10624,796,,50,,,710,valid,results/controlled-resource/matched-2x2-p004-20260919-191158-193347/cases/metric-ff-cross-v1/h-numeric-hff__s-default/controlled_logistics/logistics__fuel-loose__budget-loose/plan.val,results/controlled-resource/matched-2x2-p004-20260919-191158-193347/cases/metric-ff-cross-v1/h-numeric-hff__s-default/controlled_logistics/logistics__fuel-loose__budget-loose,loose,loose
metric-ff-cross-v1,h-numeric-hff__s-default,numeric-hff,default,controlled_logistics,logistics__fuel-loose__budget-tight,solved,true,0,0.200915,10624,924,,50,,,710,valid,results/controlled-resource/matched-2x2-p004-20260919-191158-193347/cases/metric-ff-cross-v1/h-numeric-hff__s-default/controlled_logistics/logistics__fuel-loose__budget-tight/plan.val,results/controlled-resource/matched-2x2-p004-20260919-191158-193347/cases/metric-ff-cross-v1/h-numeric-hff__s-default/controlled_logistics/logistics__fuel-loose__budget-tight,loose,tight
metric-ff-cross-v1,h-numeric-hff__s-default,numeric-hff,default,controlled_logistics,logistics__fuel-tight__budget-loose,solved,true,0,0.201322,10496,796,,55,,,766,valid,results/controlled-resource/matched-2x2-p004-20260919-191158-193347/cases/metric-ff-cross-v1/h-numeric-hff__s-default/controlled_logistics/logistics__fuel-tight__budget-loose/plan.val,results/controlled-resource/matched-2x2-p004-20260919-191158-193347/cases/metric-ff-cross-v1/h-numeric-hff__s-default/controlled_logistics/logistics__fuel-tight__budget-loose,tight,loose
metric-ff-cross-v1,h-numeric-hff__s-default,numeric-hff,default,controlled_logistics,logistics__fuel-tight__budget-tight,solved,true,0,0.201027,10496,924,,55,,,774,valid,results/controlled-resource/matched-2x2-p004-20260919-191158-193347/cases/metric-ff-cross-v1/h-numeric-hff__s-default/controlled_logistics/logistics__fuel-tight__budget-tight/plan.val,results/controlled-resource/matched-2x2-p004-20260919-191158-193347/cases/metric-ff-cross-v1/h-numeric-hff__s-default/controlled_logistics/logistics__fuel-tight__budget-tight,tight,tight
count-downward-agile,h-irhff__s-alias,irhff,alias,controlled_logistics,logistics__fuel-loose__budget-loose,solved,true,0,17.870188,129984,129984,,81,131514,1095,1095,valid,results/controlled-resource/matched-2x2-p004-20260919-191158-193347/cases/count-downward-agile/h-irhff__s-alias/controlled_logistics/logistics__fuel-loose__budget-loose/plan.val,results/controlled-resource/matched-2x2-p004-20260919-191158-193347/cases/count-downward-agile/h-irhff__s-alias/controlled_logistics/logistics__fuel-loose__budget-loose,loose,loose
count-downward-agile,h-irhff__s-alias,irhff,alias,controlled_logistics,logistics__fuel-loose__budget-tight,solved,true,0,0.602654,35360,35360,,59,1824,666,666,valid,results/controlled-resource/matched-2x2-p004-20260919-191158-193347/cases/count-downward-agile/h-irhff__s-alias/controlled_logistics/logistics__fuel-loose__budget-tight/plan.val,results/controlled-resource/matched-2x2-p004-20260919-191158-193347/cases/count-downward-agile/h-irhff__s-alias/controlled_logistics/logistics__fuel-loose__budget-tight,loose,tight
count-downward-agile,h-irhff__s-alias,irhff,alias,controlled_logistics,logistics__fuel-tight__budget-loose,solved,true,0,0.803619,35960,35960,,69,3206,995,995,valid,results/controlled-resource/matched-2x2-p004-20260919-191158-193347/cases/count-downward-agile/h-irhff__s-alias/controlled_logistics/logistics__fuel-tight__budget-loose/plan.val,results/controlled-resource/matched-2x2-p004-20260919-191158-193347/cases/count-downward-agile/h-irhff__s-alias/controlled_logistics/logistics__fuel-tight__budget-loose,tight,loose
count-downward-agile,h-irhff__s-alias,irhff,alias,controlled_logistics,logistics__fuel-tight__budget-tight,solved,true,0,0.602664,36220,36220,,67,1541,928,928,valid,results/controlled-resource/matched-2x2-p004-20260919-191158-193347/cases/count-downward-agile/h-irhff__s-alias/controlled_logistics/logistics__fuel-tight__budget-tight/plan.val,results/controlled-resource/matched-2x2-p004-20260919-191158-193347/cases/count-downward-agile/h-irhff__s-alias/controlled_logistics/logistics__fuel-tight__budget-tight,tight,tight
numeric-fast-downward-local,h-irhadd__s-astar,irhadd,astar,controlled_logistics,logistics__fuel-loose__budget-loose,solved,true,0,0.803335,36172,36172,,63,365,228,228,valid,results/controlled-resource/matched-2x2-p004-20260919-191158-193347/cases/numeric-fast-downward-local/h-irhadd__s-astar/controlled_logistics/logistics__fuel-loose__budget-loose/plan.val,results/controlled-resource/matched-2x2-p004-20260919-191158-193347/cases/numeric-fast-downward-local/h-irhadd__s-astar/controlled_logistics/logistics__fuel-loose__budget-loose,loose,loose
numeric-fast-downward-local,h-irhadd__s-astar,irhadd,astar,controlled_logistics,logistics__fuel-loose__budget-tight,solved,true,0,1.004177,34760,34760,,62,551,240,240,valid,results/controlled-resource/matched-2x2-p004-20260919-191158-193347/cases/numeric-fast-downward-local/h-irhadd__s-astar/controlled_logistics/logistics__fuel-loose__budget-tight/plan.val,results/controlled-resource/matched-2x2-p004-20260919-191158-193347/cases/numeric-fast-downward-local/h-irhadd__s-astar/controlled_logistics/logistics__fuel-loose__budget-tight,loose,tight
numeric-fast-downward-local,h-irhadd__s-astar,irhadd,astar,controlled_logistics,logistics__fuel-tight__budget-loose,solved,true,0,0.803231,36080,36080,,64,458,238,238,valid,results/controlled-resource/matched-2x2-p004-20260919-191158-193347/cases/numeric-fast-downward-local/h-irhadd__s-astar/controlled_logistics/logistics__fuel-tight__budget-loose/plan.val,results/controlled-resource/matched-2x2-p004-20260919-191158-193347/cases/numeric-fast-downward-local/h-irhadd__s-astar/controlled_logistics/logistics__fuel-tight__budget-loose,tight,loose
numeric-fast-downward-local,h-irhadd__s-astar,irhadd,astar,controlled_logistics,logistics__fuel-tight__budget-tight,solved,true,0,0.803095,35720,35720,,58,581,207,207,valid,results/controlled-resource/matched-2x2-p004-20260919-191158-193347/cases/numeric-fast-downward-local/h-irhadd__s-astar/controlled_logistics/logistics__fuel-tight__budget-tight/plan.val,results/controlled-resource/matched-2x2-p004-20260919-191158-193347/cases/numeric-fast-downward-local/h-irhadd__s-astar/controlled_logistics/logistics__fuel-tight__budget-tight,tight,tight
enhsp,h-hadd__s-wastar,hadd,WAStar,controlled_logistics,logistics__fuel-loose__budget-loose,solved,true,0,3.413004,1295864,1273480,,63,392,228.0,228,valid,results/controlled-resource/matched-2x2-p004-20260919-191158-193347/cases/enhsp/h-hadd__s-wastar/controlled_logistics/logistics__fuel-loose__budget-loose/plan.val,results/controlled-resource/matched-2x2-p004-20260919-191158-193347/cases/enhsp/h-hadd__s-wastar/controlled_logistics/logistics__fuel-loose__budget-loose,loose,loose
enhsp,h-hadd__s-wastar,hadd,WAStar,controlled_logistics,logistics__fuel-loose__budget-tight,solved,true,0,6.022375,1165696,1165672,,54,1245,208.0,208,valid,results/controlled-resource/matched-2x2-p004-20260919-191158-193347/cases/enhsp/h-hadd__s-wastar/controlled_logistics/logistics__fuel-loose__budget-tight/plan.val,results/controlled-resource/matched-2x2-p004-20260919-191158-193347/cases/enhsp/h-hadd__s-wastar/controlled_logistics/logistics__fuel-loose__budget-tight,loose,tight
enhsp,h-hadd__s-wastar,hadd,WAStar,controlled_logistics,logistics__fuel-tight__budget-loose,solved,true,0,3.213247,1107228,1088624,,66,433,240.0,240,valid,results/controlled-resource/matched-2x2-p004-20260919-191158-193347/cases/enhsp/h-hadd__s-wastar/controlled_logistics/logistics__fuel-tight__budget-loose/plan.val,results/controlled-resource/matched-2x2-p004-20260919-191158-193347/cases/enhsp/h-hadd__s-wastar/controlled_logistics/logistics__fuel-tight__budget-loose,tight,loose
enhsp,h-hadd__s-wastar,hadd,WAStar,controlled_logistics,logistics__fuel-tight__budget-tight,solved,true,0,4.015335,1897052,1795056,,57,815,196.0,196,valid,results/controlled-resource/matched-2x2-p004-20260919-191158-193347/cases/enhsp/h-hadd__s-wastar/controlled_logistics/logistics__fuel-tight__budget-tight/plan.val,results/controlled-resource/matched-2x2-p004-20260919-191158-193347/cases/enhsp/h-hadd__s-wastar/controlled_logistics/logistics__fuel-tight__budget-tight,tight,tight
enhsp,h-hradd__s-wastar,hradd,WAStar,controlled_logistics,logistics__fuel-loose__budget-loose,solved,true,0,3.212163,1121348,1101512,,63,392,228.0,228,valid,results/controlled-resource/matched-2x2-p004-20260919-191158-193347/cases/enhsp/h-hradd__s-wastar/controlled_logistics/logistics__fuel-loose__budget-loose/plan.val,results/controlled-resource/matched-2x2-p004-20260919-191158-193347/cases/enhsp/h-hradd__s-wastar/controlled_logistics/logistics__fuel-loose__budget-loose,loose,loose
enhsp,h-hradd__s-wastar,hradd,WAStar,controlled_logistics,logistics__fuel-loose__budget-tight,solved,true,0,6.022422,1215096,1215096,,54,1245,208.0,208,valid,results/controlled-resource/matched-2x2-p004-20260919-191158-193347/cases/enhsp/h-hradd__s-wastar/controlled_logistics/logistics__fuel-loose__budget-tight/plan.val,results/controlled-resource/matched-2x2-p004-20260919-191158-193347/cases/enhsp/h-hradd__s-wastar/controlled_logistics/logistics__fuel-loose__budget-tight,loose,tight
enhsp,h-hradd__s-wastar,hradd,WAStar,controlled_logistics,logistics__fuel-tight__budget-loose,solved,true,0,3.414679,1102020,1086928,,66,433,240.0,240,valid,results/controlled-resource/matched-2x2-p004-20260919-191158-193347/cases/enhsp/h-hradd__s-wastar/controlled_logistics/logistics__fuel-tight__budget-loose/plan.val,results/controlled-resource/matched-2x2-p004-20260919-191158-193347/cases/enhsp/h-hradd__s-wastar/controlled_logistics/logistics__fuel-tight__budget-loose,tight,loose
enhsp,h-hradd__s-wastar,hradd,WAStar,controlled_logistics,logistics__fuel-tight__budget-tight,solved,true,0,3.814268,1198484,1176712,,57,815,196.0,196,valid,results/controlled-resource/matched-2x2-p004-20260919-191158-193347/cases/enhsp/h-hradd__s-wastar/controlled_logistics/logistics__fuel-tight__budget-tight/plan.val,results/controlled-resource/matched-2x2-p004-20260919-191158-193347/cases/enhsp/h-hradd__s-wastar/controlled_logistics/logistics__fuel-tight__budget-tight,tight,tight
