planner,configuration,heuristic,search,benchmark,instance,status,compatible,return_code,wall_seconds,max_rss_kb,peak_group_rss_kb,limit_reason,plan_length,expanded_nodes,metric_value,objective_value,validation,plan_path,case_directory,factor_a,factor_b,source_instance
count-downward-agile,h-irhff__s-alias,irhff,alias,controlled_logistics,logistics__fuel-loose__budget-loose,solved,true,0,0.201024,15232,1232,,12,19,126,126,valid,results/controlled-resource/matched-2x2-p001-20260919-191927-393149/cases/count-downward-agile/h-irhff__s-alias/controlled_logistics/logistics__fuel-loose__budget-loose/plan.val,results/controlled-resource/matched-2x2-p001-20260919-191927-393149/cases/count-downward-agile/h-irhff__s-alias/controlled_logistics/logistics__fuel-loose__budget-loose,loose,loose,p001
count-downward-agile,h-irhff__s-alias,irhff,alias,controlled_logistics,logistics__fuel-loose__budget-tight,solved,true,0,0.201147,15232,796,,12,19,126,126,valid,results/controlled-resource/matched-2x2-p001-20260919-191927-393149/cases/count-downward-agile/h-irhff__s-alias/controlled_logistics/logistics__fuel-loose__budget-tight/plan.val,results/controlled-resource/matched-2x2-p001-20260919-191927-393149/cases/count-downward-agile/h-irhff__s-alias/controlled_logistics/logistics__fuel-loose__budget-tight,loose,tight,p001
count-downward-agile,h-irhff__s-alias,irhff,alias,controlled_logistics,logistics__fuel-tight__budget-loose,solved,true,0,0.200986,15232,608,,12,19,126,126,valid,results/controlled-resource/matched-2x2-p001-20260919-191927-393149/cases/count-downward-agile/h-irhff__s-alias/controlled_logistics/logistics__fuel-tight__budget-loose/plan.val,results/controlled-resource/matched-2x2-p001-20260919-191927-393149/cases/count-downward-agile/h-irhff__s-alias/controlled_logistics/logistics__fuel-tight__budget-loose,tight,loose,p001
count-downward-agile,h-irhff__s-alias,irhff,alias,controlled_logistics,logistics__fuel-tight__budget-tight,solved,true,0,0.201263,15232,924,,12,19,126,126,valid,results/controlled-resource/matched-2x2-p001-20260919-191927-393149/cases/count-downward-agile/h-irhff__s-alias/controlled_logistics/logistics__fuel-tight__budget-tight/plan.val,results/controlled-resource/matched-2x2-p001-20260919-191927-393149/cases/count-downward-agile/h-irhff__s-alias/controlled_logistics/logistics__fuel-tight__budget-tight,tight,tight,p001
enhsp,h-hadd__s-wastar,hadd,WAStar,controlled_logistics,logistics__fuel-loose__budget-loose,solved,true,0,0.401753,131068,103368,,13,35,60.0,60,valid,results/controlled-resource/matched-2x2-p001-20260919-191927-393149/cases/enhsp/h-hadd__s-wastar/controlled_logistics/logistics__fuel-loose__budget-loose/plan.val,results/controlled-resource/matched-2x2-p001-20260919-191927-393149/cases/enhsp/h-hadd__s-wastar/controlled_logistics/logistics__fuel-loose__budget-loose,loose,loose,p001
enhsp,h-hadd__s-wastar,hadd,WAStar,controlled_logistics,logistics__fuel-loose__budget-tight,solved,true,0,0.401662,136240,112852,,13,35,60.0,60,valid,results/controlled-resource/matched-2x2-p001-20260919-191927-393149/cases/enhsp/h-hadd__s-wastar/controlled_logistics/logistics__fuel-loose__budget-tight/plan.val,results/controlled-resource/matched-2x2-p001-20260919-191927-393149/cases/enhsp/h-hadd__s-wastar/controlled_logistics/logistics__fuel-loose__budget-tight,loose,tight,p001
enhsp,h-hadd__s-wastar,hadd,WAStar,controlled_logistics,logistics__fuel-tight__budget-loose,solved,true,0,0.401837,139296,113420,,13,35,60.0,60,valid,results/controlled-resource/matched-2x2-p001-20260919-191927-393149/cases/enhsp/h-hadd__s-wastar/controlled_logistics/logistics__fuel-tight__budget-loose/plan.val,results/controlled-resource/matched-2x2-p001-20260919-191927-393149/cases/enhsp/h-hadd__s-wastar/controlled_logistics/logistics__fuel-tight__budget-loose,tight,loose,p001
enhsp,h-hadd__s-wastar,hadd,WAStar,controlled_logistics,logistics__fuel-tight__budget-tight,solved,true,0,0.401789,140172,101592,,13,35,60.0,60,valid,results/controlled-resource/matched-2x2-p001-20260919-191927-393149/cases/enhsp/h-hadd__s-wastar/controlled_logistics/logistics__fuel-tight__budget-tight/plan.val,results/controlled-resource/matched-2x2-p001-20260919-191927-393149/cases/enhsp/h-hadd__s-wastar/controlled_logistics/logistics__fuel-tight__budget-tight,tight,tight,p001
enhsp,h-hradd__s-wastar,hradd,WAStar,controlled_logistics,logistics__fuel-loose__budget-loose,solved,true,0,0.401802,136932,102492,,13,35,60.0,60,valid,results/controlled-resource/matched-2x2-p001-20260919-191927-393149/cases/enhsp/h-hradd__s-wastar/controlled_logistics/logistics__fuel-loose__budget-loose/plan.val,results/controlled-resource/matched-2x2-p001-20260919-191927-393149/cases/enhsp/h-hradd__s-wastar/controlled_logistics/logistics__fuel-loose__budget-loose,loose,loose,p001
enhsp,h-hradd__s-wastar,hradd,WAStar,controlled_logistics,logistics__fuel-loose__budget-tight,solved,true,0,0.401829,142572,101492,,13,35,60.0,60,valid,results/controlled-resource/matched-2x2-p001-20260919-191927-393149/cases/enhsp/h-hradd__s-wastar/controlled_logistics/logistics__fuel-loose__budget-tight/plan.val,results/controlled-resource/matched-2x2-p001-20260919-191927-393149/cases/enhsp/h-hradd__s-wastar/controlled_logistics/logistics__fuel-loose__budget-tight,loose,tight,p001
enhsp,h-hradd__s-wastar,hradd,WAStar,controlled_logistics,logistics__fuel-tight__budget-loose,solved,true,0,0.401694,137140,108400,,13,35,60.0,60,valid,results/controlled-resource/matched-2x2-p001-20260919-191927-393149/cases/enhsp/h-hradd__s-wastar/controlled_logistics/logistics__fuel-tight__budget-loose/plan.val,results/controlled-resource/matched-2x2-p001-20260919-191927-393149/cases/enhsp/h-hradd__s-wastar/controlled_logistics/logistics__fuel-tight__budget-loose,tight,loose,p001
enhsp,h-hradd__s-wastar,hradd,WAStar,controlled_logistics,logistics__fuel-tight__budget-tight,solved,true,0,0.401966,140132,113376,,13,35,60.0,60,valid,results/controlled-resource/matched-2x2-p001-20260919-191927-393149/cases/enhsp/h-hradd__s-wastar/controlled_logistics/logistics__fuel-tight__budget-tight/plan.val,results/controlled-resource/matched-2x2-p001-20260919-191927-393149/cases/enhsp/h-hradd__s-wastar/controlled_logistics/logistics__fuel-tight__budget-tight,tight,tight,p001
metric-ff-cross-v1,h-numeric-hff__s-default,numeric-hff,default,controlled_logistics,logistics__fuel-loose__budget-loose,solved,true,0,0.200993,3328,664,,12,,,126,valid,results/controlled-resource/matched-2x2-p001-20260919-191927-393149/cases/metric-ff-cross-v1/h-numeric-hff__s-default/controlled_logistics/logistics__fuel-loose__budget-loose/plan.val,results/controlled-resource/matched-2x2-p001-20260919-191927-393149/cases/metric-ff-cross-v1/h-numeric-hff__s-default/controlled_logistics/logistics__fuel-loose__budget-loose,loose,loose,p001
metric-ff-cross-v1,h-numeric-hff__s-default,numeric-hff,default,controlled_logistics,logistics__fuel-loose__budget-tight,solved,true,0,0.201012,3328,800,,12,,,126,valid,results/controlled-resource/matched-2x2-p001-20260919-191927-393149/cases/metric-ff-cross-v1/h-numeric-hff__s-default/controlled_logistics/logistics__fuel-loose__budget-tight/plan.val,results/controlled-resource/matched-2x2-p001-20260919-191927-393149/cases/metric-ff-cross-v1/h-numeric-hff__s-default/controlled_logistics/logistics__fuel-loose__budget-tight,loose,tight,p001
metric-ff-cross-v1,h-numeric-hff__s-default,numeric-hff,default,controlled_logistics,logistics__fuel-tight__budget-loose,solved,true,0,0.201006,3328,912,,12,,,126,valid,results/controlled-resource/matched-2x2-p001-20260919-191927-393149/cases/metric-ff-cross-v1/h-numeric-hff__s-default/controlled_logistics/logistics__fuel-tight__budget-loose/plan.val,results/controlled-resource/matched-2x2-p001-20260919-191927-393149/cases/metric-ff-cross-v1/h-numeric-hff__s-default/controlled_logistics/logistics__fuel-tight__budget-loose,tight,loose,p001
metric-ff-cross-v1,h-numeric-hff__s-default,numeric-hff,default,controlled_logistics,logistics__fuel-tight__budget-tight,solved,true,0,0.201020,3328,912,,12,,,126,valid,results/controlled-resource/matched-2x2-p001-20260919-191927-393149/cases/metric-ff-cross-v1/h-numeric-hff__s-default/controlled_logistics/logistics__fuel-tight__budget-tight/plan.val,results/controlled-resource/matched-2x2-p001-20260919-191927-393149/cases/metric-ff-cross-v1/h-numeric-hff__s-default/controlled_logistics/logistics__fuel-tight__budget-tight,tight,tight,p001
numeric-fast-downward-local,h-irhadd__s-astar,irhadd,astar,controlled_logistics,logistics__fuel-loose__budget-loose,solved,true,0,0.200946,15104,576,,19,34,90,90,valid,results/controlled-resource/matched-2x2-p001-20260919-191927-393149/cases/numeric-fast-downward-local/h-irhadd__s-astar/controlled_logistics/logistics__fuel-loose__budget-loose/plan.val,results/controlled-resource/matched-2x2-p001-20260919-191927-393149/cases/numeric-fast-downward-local/h-irhadd__s-astar/controlled_logistics/logistics__fuel-loose__budget-loose,loose,loose,p001
numeric-fast-downward-local,h-irhadd__s-astar,irhadd,astar,controlled_logistics,logistics__fuel-loose__budget-tight,solved,true,0,0.200980,15232,924,,19,34,90,90,valid,results/controlled-resource/matched-2x2-p001-20260919-191927-393149/cases/numeric-fast-downward-local/h-irhadd__s-astar/controlled_logistics/logistics__fuel-loose__budget-tight/plan.val,results/controlled-resource/matched-2x2-p001-20260919-191927-393149/cases/numeric-fast-downward-local/h-irhadd__s-astar/controlled_logistics/logistics__fuel-loose__budget-tight,loose,tight,p001
numeric-fast-downward-local,h-irhadd__s-astar,irhadd,astar,controlled_logistics,logistics__fuel-tight__budget-loose,solved,true,0,0.200974,15232,656,,19,34,90,90,valid,results/controlled-resource/matched-2x2-p001-20260919-191927-393149/cases/numeric-fast-downward-local/h-irhadd__s-astar/controlled_logistics/logistics__fuel-tight__budget-loose/plan.val,results/controlled-resource/matched-2x2-p001-20260919-191927-393149/cases/numeric-fast-downward-local/h-irhadd__s-astar/controlled_logistics/logistics__fuel-tight__budget-loose,tight,loose,p001
numeric-fast-downward-local,h-irhadd__s-astar,irhadd,astar,controlled_logistics,logistics__fuel-tight__budget-tight,solved,true,0,0.201007,15232,740,,19,34,90,90,valid,results/controlled-resource/matched-2x2-p001-20260919-191927-393149/cases/numeric-fast-downward-local/h-irhadd__s-astar/controlled_logistics/logistics__fuel-tight__budget-tight/plan.val,results/controlled-resource/matched-2x2-p001-20260919-191927-393149/cases/numeric-fast-downward-local/h-irhadd__s-astar/controlled_logistics/logistics__fuel-tight__budget-tight,tight,tight,p001
count-downward-agile,h-irhff__s-alias,irhff,alias,controlled_watering,watering__water-loose__battery-loose,solved,true,0,0.201034,14848,1244,,19,1536,104,104,valid,results/controlled-resource/matched-2x2-p001-20260919-191927-393149/cases/count-downward-agile/h-irhff__s-alias/controlled_watering/watering__water-loose__battery-loose/plan.val,results/controlled-resource/matched-2x2-p001-20260919-191927-393149/cases/count-downward-agile/h-irhff__s-alias/controlled_watering/watering__water-loose__battery-loose,loose,loose,p001
count-downward-agile,h-irhff__s-alias,irhff,alias,controlled_watering,watering__water-loose__battery-tight,solved,true,0,0.201027,14720,924,,29,400,160,160,valid,results/controlled-resource/matched-2x2-p001-20260919-191927-393149/cases/count-downward-agile/h-irhff__s-alias/controlled_watering/watering__water-loose__battery-tight/plan.val,results/controlled-resource/matched-2x2-p001-20260919-191927-393149/cases/count-downward-agile/h-irhff__s-alias/controlled_watering/watering__water-loose__battery-tight,loose,tight,p001
count-downward-agile,h-irhff__s-alias,irhff,alias,controlled_watering,watering__water-tight__battery-loose,solved,true,0,0.201141,14840,1224,,25,9486,153,153,valid,results/controlled-resource/matched-2x2-p001-20260919-191927-393149/cases/count-downward-agile/h-irhff__s-alias/controlled_watering/watering__water-tight__battery-loose/plan.val,results/controlled-resource/matched-2x2-p001-20260919-191927-393149/cases/count-downward-agile/h-irhff__s-alias/controlled_watering/watering__water-tight__battery-loose,tight,loose,p001
count-downward-agile,h-irhff__s-alias,irhff,alias,controlled_watering,watering__water-tight__battery-tight,solved,true,0,0.201108,14848,1556,,36,1475,224,224,valid,results/controlled-resource/matched-2x2-p001-20260919-191927-393149/cases/count-downward-agile/h-irhff__s-alias/controlled_watering/watering__water-tight__battery-tight/plan.val,results/controlled-resource/matched-2x2-p001-20260919-191927-393149/cases/count-downward-agile/h-irhff__s-alias/controlled_watering/watering__water-tight__battery-tight,tight,tight,p001
enhsp,h-hadd__s-wastar,hadd,WAStar,controlled_watering,watering__water-loose__battery-loose,solved,true,0,0.401701,93916,74336,,18,80,76.0,76,valid,results/controlled-resource/matched-2x2-p001-20260919-191927-393149/cases/enhsp/h-hadd__s-wastar/controlled_watering/watering__water-loose__battery-loose/plan.val,results/controlled-resource/matched-2x2-p001-20260919-191927-393149/cases/enhsp/h-hadd__s-wastar/controlled_watering/watering__water-loose__battery-loose,loose,loose,p001
enhsp,h-hadd__s-wastar,hadd,WAStar,controlled_watering,watering__water-loose__battery-tight,solved,true,0,0.401679,113064,70152,,19,268,90.0,90,valid,results/controlled-resource/matched-2x2-p001-20260919-191927-393149/cases/enhsp/h-hadd__s-wastar/controlled_watering/watering__water-loose__battery-tight/plan.val,results/controlled-resource/matched-2x2-p001-20260919-191927-393149/cases/enhsp/h-hadd__s-wastar/controlled_watering/watering__water-loose__battery-tight,loose,tight,p001
enhsp,h-hadd__s-wastar,hadd,WAStar,controlled_watering,watering__water-tight__battery-loose,solved,true,0,0.602562,163016,152220,,21,5103,94.0,94,valid,results/controlled-resource/matched-2x2-p001-20260919-191927-393149/cases/enhsp/h-hadd__s-wastar/controlled_watering/watering__water-tight__battery-loose/plan.val,results/controlled-resource/matched-2x2-p001-20260919-191927-393149/cases/enhsp/h-hadd__s-wastar/controlled_watering/watering__water-tight__battery-loose,tight,loose,p001
enhsp,h-hadd__s-wastar,hadd,WAStar,controlled_watering,watering__water-tight__battery-tight,solved,true,0,0.602452,165936,158008,,25,8659,132.0,132,valid,results/controlled-resource/matched-2x2-p001-20260919-191927-393149/cases/enhsp/h-hadd__s-wastar/controlled_watering/watering__water-tight__battery-tight/plan.val,results/controlled-resource/matched-2x2-p001-20260919-191927-393149/cases/enhsp/h-hadd__s-wastar/controlled_watering/watering__water-tight__battery-tight,tight,tight,p001
enhsp,h-hradd__s-wastar,hradd,WAStar,controlled_watering,watering__water-loose__battery-loose,solved,true,0,0.401717,88248,70056,,18,56,87.0,87,valid,results/controlled-resource/matched-2x2-p001-20260919-191927-393149/cases/enhsp/h-hradd__s-wastar/controlled_watering/watering__water-loose__battery-loose/plan.val,results/controlled-resource/matched-2x2-p001-20260919-191927-393149/cases/enhsp/h-hradd__s-wastar/controlled_watering/watering__water-loose__battery-loose,loose,loose,p001
enhsp,h-hradd__s-wastar,hradd,WAStar,controlled_watering,watering__water-loose__battery-tight,solved,true,0,0.401726,107836,77552,,21,198,115.0,115,valid,results/controlled-resource/matched-2x2-p001-20260919-191927-393149/cases/enhsp/h-hradd__s-wastar/controlled_watering/watering__water-loose__battery-tight/plan.val,results/controlled-resource/matched-2x2-p001-20260919-191927-393149/cases/enhsp/h-hradd__s-wastar/controlled_watering/watering__water-loose__battery-tight,loose,tight,p001
enhsp,h-hradd__s-wastar,hradd,WAStar,controlled_watering,watering__water-tight__battery-loose,solved,true,0,0.803519,194596,187272,,21,16251,94.0,94,valid,results/controlled-resource/matched-2x2-p001-20260919-191927-393149/cases/enhsp/h-hradd__s-wastar/controlled_watering/watering__water-tight__battery-loose/plan.val,results/controlled-resource/matched-2x2-p001-20260919-191927-393149/cases/enhsp/h-hradd__s-wastar/controlled_watering/watering__water-tight__battery-loose,tight,loose,p001
enhsp,h-hradd__s-wastar,hradd,WAStar,controlled_watering,watering__water-tight__battery-tight,solved,true,0,0.602616,186420,173156,,27,8219,156.0,156,valid,results/controlled-resource/matched-2x2-p001-20260919-191927-393149/cases/enhsp/h-hradd__s-wastar/controlled_watering/watering__water-tight__battery-tight/plan.val,results/controlled-resource/matched-2x2-p001-20260919-191927-393149/cases/enhsp/h-hradd__s-wastar/controlled_watering/watering__water-tight__battery-tight,tight,tight,p001
metric-ff-cross-v1,h-numeric-hff__s-default,numeric-hff,default,controlled_watering,watering__water-loose__battery-loose,solved,true,0,0.201225,3328,716,,32,,,255,valid,results/controlled-resource/matched-2x2-p001-20260919-191927-393149/cases/metric-ff-cross-v1/h-numeric-hff__s-default/controlled_watering/watering__water-loose__battery-loose/plan.val,results/controlled-resource/matched-2x2-p001-20260919-191927-393149/cases/metric-ff-cross-v1/h-numeric-hff__s-default/controlled_watering/watering__water-loose__battery-loose,loose,loose,p001
metric-ff-cross-v1,h-numeric-hff__s-default,numeric-hff,default,controlled_watering,watering__water-loose__battery-tight,solved,true,0,0.200945,3200,600,,25,,,174,valid,results/controlled-resource/matched-2x2-p001-20260919-191927-393149/cases/metric-ff-cross-v1/h-numeric-hff__s-default/controlled_watering/watering__water-loose__battery-tight/plan.val,results/controlled-resource/matched-2x2-p001-20260919-191927-393149/cases/metric-ff-cross-v1/h-numeric-hff__s-default/controlled_watering/watering__water-loose__battery-tight,loose,tight,p001
metric-ff-cross-v1,h-numeric-hff__s-default,numeric-hff,default,controlled_watering,watering__water-tight__battery-loose,solved,true,0,0.201213,3328,1488,,37,,,282,valid,results/controlled-resource/matched-2x2-p001-20260919-191927-393149/cases/metric-ff-cross-v1/h-numeric-hff__s-default/controlled_watering/watering__water-tight__battery-loose/plan.val,results/controlled-resource/matched-2x2-p001-20260919-191927-393149/cases/metric-ff-cross-v1/h-numeric-hff__s-default/controlled_watering/watering__water-tight__battery-loose,tight,loose,p001
metric-ff-cross-v1,h-numeric-hff__s-default,numeric-hff,default,controlled_watering,watering__water-tight__battery-tight,solved,true,0,0.200866,3328,668,,43,,,345,valid,results/controlled-resource/matched-2x2-p001-20260919-191927-393149/cases/metric-ff-cross-v1/h-numeric-hff__s-default/controlled_watering/watering__water-tight__battery-tight/plan.val,results/controlled-resource/matched-2x2-p001-20260919-191927-393149/cases/metric-ff-cross-v1/h-numeric-hff__s-default/controlled_watering/watering__water-tight__battery-tight,tight,tight,p001
numeric-fast-downward-local,h-irhadd__s-astar,irhadd,astar,controlled_watering,watering__water-loose__battery-loose,solved,true,0,0.200961,14836,924,,18,105,76,76,valid,results/controlled-resource/matched-2x2-p001-20260919-191927-393149/cases/numeric-fast-downward-local/h-irhadd__s-astar/controlled_watering/watering__water-loose__battery-loose/plan.val,results/controlled-resource/matched-2x2-p001-20260919-191927-393149/cases/numeric-fast-downward-local/h-irhadd__s-astar/controlled_watering/watering__water-loose__battery-loose,loose,loose,p001
numeric-fast-downward-local,h-irhadd__s-astar,irhadd,astar,controlled_watering,watering__water-loose__battery-tight,solved,true,0,0.200957,14844,1080,,19,327,90,90,valid,results/controlled-resource/matched-2x2-p001-20260919-191927-393149/cases/numeric-fast-downward-local/h-irhadd__s-astar/controlled_watering/watering__water-loose__battery-tight/plan.val,results/controlled-resource/matched-2x2-p001-20260919-191927-393149/cases/numeric-fast-downward-local/h-irhadd__s-astar/controlled_watering/watering__water-loose__battery-tight,loose,tight,p001
numeric-fast-downward-local,h-irhadd__s-astar,irhadd,astar,controlled_watering,watering__water-tight__battery-loose,solved,true,0,0.401874,23940,23940,,21,5829,94,94,valid,results/controlled-resource/matched-2x2-p001-20260919-191927-393149/cases/numeric-fast-downward-local/h-irhadd__s-astar/controlled_watering/watering__water-tight__battery-loose/plan.val,results/controlled-resource/matched-2x2-p001-20260919-191927-393149/cases/numeric-fast-downward-local/h-irhadd__s-astar/controlled_watering/watering__water-tight__battery-loose,tight,loose,p001
numeric-fast-downward-local,h-irhadd__s-astar,irhadd,astar,controlled_watering,watering__water-tight__battery-tight,solved,true,0,0.402112,24500,24500,,24,9842,117,117,valid,results/controlled-resource/matched-2x2-p001-20260919-191927-393149/cases/numeric-fast-downward-local/h-irhadd__s-astar/controlled_watering/watering__water-tight__battery-tight/plan.val,results/controlled-resource/matched-2x2-p001-20260919-191927-393149/cases/numeric-fast-downward-local/h-irhadd__s-astar/controlled_watering/watering__water-tight__battery-tight,tight,tight,p001
count-downward-agile,h-irhff__s-alias,irhff,alias,controlled_logistics,logistics__fuel-loose__budget-loose,solved,true,0,0.401599,22280,22280,,43,2806,452,452,valid,results/controlled-resource/matched-2x2-p002-20260919-191259-518435/cases/count-downward-agile/h-irhff__s-alias/controlled_logistics/logistics__fuel-loose__budget-loose/plan.val,results/controlled-resource/matched-2x2-p002-20260919-191259-518435/cases/count-downward-agile/h-irhff__s-alias/controlled_logistics/logistics__fuel-loose__budget-loose,loose,loose,p002
count-downward-agile,h-irhff__s-alias,irhff,alias,controlled_logistics,logistics__fuel-loose__budget-tight,solved,true,0,0.200806,18688,608,,49,521,537,537,valid,results/controlled-resource/matched-2x2-p002-20260919-191259-518435/cases/count-downward-agile/h-irhff__s-alias/controlled_logistics/logistics__fuel-loose__budget-tight/plan.val,results/controlled-resource/matched-2x2-p002-20260919-191259-518435/cases/count-downward-agile/h-irhff__s-alias/controlled_logistics/logistics__fuel-loose__budget-tight,loose,tight,p002
count-downward-agile,h-irhff__s-alias,irhff,alias,controlled_logistics,logistics__fuel-tight__budget-loose,solved,true,0,0.200926,18688,924,,48,308,414,414,valid,results/controlled-resource/matched-2x2-p002-20260919-191259-518435/cases/count-downward-agile/h-irhff__s-alias/controlled_logistics/logistics__fuel-tight__budget-loose/plan.val,results/controlled-resource/matched-2x2-p002-20260919-191259-518435/cases/count-downward-agile/h-irhff__s-alias/controlled_logistics/logistics__fuel-tight__budget-loose,tight,loose,p002
count-downward-agile,h-irhff__s-alias,irhff,alias,controlled_logistics,logistics__fuel-tight__budget-tight,solved,true,0,0.401793,22392,22392,,37,2275,300,300,valid,results/controlled-resource/matched-2x2-p002-20260919-191259-518435/cases/count-downward-agile/h-irhff__s-alias/controlled_logistics/logistics__fuel-tight__budget-tight/plan.val,results/controlled-resource/matched-2x2-p002-20260919-191259-518435/cases/count-downward-agile/h-irhff__s-alias/controlled_logistics/logistics__fuel-tight__budget-tight,tight,tight,p002
enhsp,h-hadd__s-wastar,hadd,WAStar,controlled_logistics,logistics__fuel-loose__budget-loose,solved,true,0,3.814606,1064212,1055320,,30,2065,77.0,77,valid,results/controlled-resource/matched-2x2-p002-20260919-191259-518435/cases/enhsp/h-hadd__s-wastar/controlled_logistics/logistics__fuel-loose__budget-loose/plan.val,results/controlled-resource/matched-2x2-p002-20260919-191259-518435/cases/enhsp/h-hadd__s-wastar/controlled_logistics/logistics__fuel-loose__budget-loose,loose,loose,p002
enhsp,h-hadd__s-wastar,hadd,WAStar,controlled_logistics,logistics__fuel-loose__budget-tight,solved,true,0,2.814181,992616,992616,,28,1018,71.0,71,valid,results/controlled-resource/matched-2x2-p002-20260919-191259-518435/cases/enhsp/h-hadd__s-wastar/controlled_logistics/logistics__fuel-loose__budget-tight/plan.val,results/controlled-resource/matched-2x2-p002-20260919-191259-518435/cases/enhsp/h-hadd__s-wastar/controlled_logistics/logistics__fuel-loose__budget-tight,loose,tight,p002
enhsp,h-hadd__s-wastar,hadd,WAStar,controlled_logistics,logistics__fuel-tight__budget-loose,solved,true,0,3.413235,1140104,1120448,,31,1901,81.0,81,valid,results/controlled-resource/matched-2x2-p002-20260919-191259-518435/cases/enhsp/h-hadd__s-wastar/controlled_logistics/logistics__fuel-tight__budget-loose/plan.val,results/controlled-resource/matched-2x2-p002-20260919-191259-518435/cases/enhsp/h-hadd__s-wastar/controlled_logistics/logistics__fuel-tight__budget-loose,tight,loose,p002
enhsp,h-hadd__s-wastar,hadd,WAStar,controlled_logistics,logistics__fuel-tight__budget-tight,solved,true,0,2.610056,1195400,1172292,,28,1216,89.0,89,valid,results/controlled-resource/matched-2x2-p002-20260919-191259-518435/cases/enhsp/h-hadd__s-wastar/controlled_logistics/logistics__fuel-tight__budget-tight/plan.val,results/controlled-resource/matched-2x2-p002-20260919-191259-518435/cases/enhsp/h-hadd__s-wastar/controlled_logistics/logistics__fuel-tight__budget-tight,tight,tight,p002
enhsp,h-hradd__s-wastar,hradd,WAStar,controlled_logistics,logistics__fuel-loose__budget-loose,solved,true,0,3.613407,1159808,1144344,,30,2065,77.0,77,valid,results/controlled-resource/matched-2x2-p002-20260919-191259-518435/cases/enhsp/h-hradd__s-wastar/controlled_logistics/logistics__fuel-loose__budget-loose/plan.val,results/controlled-resource/matched-2x2-p002-20260919-191259-518435/cases/enhsp/h-hradd__s-wastar/controlled_logistics/logistics__fuel-loose__budget-loose,loose,loose,p002
enhsp,h-hradd__s-wastar,hradd,WAStar,controlled_logistics,logistics__fuel-loose__budget-tight,solved,true,0,2.409653,1016324,996484,,28,1018,71.0,71,valid,results/controlled-resource/matched-2x2-p002-20260919-191259-518435/cases/enhsp/h-hradd__s-wastar/controlled_logistics/logistics__fuel-loose__budget-tight/plan.val,results/controlled-resource/matched-2x2-p002-20260919-191259-518435/cases/enhsp/h-hradd__s-wastar/controlled_logistics/logistics__fuel-loose__budget-tight,loose,tight,p002
enhsp,h-hradd__s-wastar,hradd,WAStar,controlled_logistics,logistics__fuel-tight__budget-loose,solved,true,0,3.413170,1035384,1035384,,31,1901,81.0,81,valid,results/controlled-resource/matched-2x2-p002-20260919-191259-518435/cases/enhsp/h-hradd__s-wastar/controlled_logistics/logistics__fuel-tight__budget-loose/plan.val,results/controlled-resource/matched-2x2-p002-20260919-191259-518435/cases/enhsp/h-hradd__s-wastar/controlled_logistics/logistics__fuel-tight__budget-loose,tight,loose,p002
enhsp,h-hradd__s-wastar,hradd,WAStar,controlled_logistics,logistics__fuel-tight__budget-tight,solved,true,0,2.611150,1048196,1032532,,28,1216,89.0,89,valid,results/controlled-resource/matched-2x2-p002-20260919-191259-518435/cases/enhsp/h-hradd__s-wastar/controlled_logistics/logistics__fuel-tight__budget-tight/plan.val,results/controlled-resource/matched-2x2-p002-20260919-191259-518435/cases/enhsp/h-hradd__s-wastar/controlled_logistics/logistics__fuel-tight__budget-tight,tight,tight,p002
metric-ff-cross-v1,h-numeric-hff__s-default,numeric-hff,default,controlled_logistics,logistics__fuel-loose__budget-loose,solved,true,0,0.201000,7808,1224,,38,,,487,valid,results/controlled-resource/matched-2x2-p002-20260919-191259-518435/cases/metric-ff-cross-v1/h-numeric-hff__s-default/controlled_logistics/logistics__fuel-loose__budget-loose/plan.val,results/controlled-resource/matched-2x2-p002-20260919-191259-518435/cases/metric-ff-cross-v1/h-numeric-hff__s-default/controlled_logistics/logistics__fuel-loose__budget-loose,loose,loose,p002
metric-ff-cross-v1,h-numeric-hff__s-default,numeric-hff,default,controlled_logistics,logistics__fuel-loose__budget-tight,solved,true,0,0.201058,7808,1356,,38,,,487,valid,results/controlled-resource/matched-2x2-p002-20260919-191259-518435/cases/metric-ff-cross-v1/h-numeric-hff__s-default/controlled_logistics/logistics__fuel-loose__budget-tight/plan.val,results/controlled-resource/matched-2x2-p002-20260919-191259-518435/cases/metric-ff-cross-v1/h-numeric-hff__s-default/controlled_logistics/logistics__fuel-loose__budget-tight,loose,tight,p002
metric-ff-cross-v1,h-numeric-hff__s-default,numeric-hff,default,controlled_logistics,logistics__fuel-tight__budget-loose,solved,true,0,0.200969,7552,1140,,29,,,217,valid,results/controlled-resource/matched-2x2-p002-20260919-191259-518435/cases/metric-ff-cross-v1/h-numeric-hff__s-default/controlled_logistics/logistics__fuel-tight__budget-loose/plan.val,results/controlled-resource/matched-2x2-p002-20260919-191259-518435/cases/metric-ff-cross-v1/h-numeric-hff__s-default/controlled_logistics/logistics__fuel-tight__budget-loose,tight,loose,p002
metric-ff-cross-v1,h-numeric-hff__s-default,numeric-hff,default,controlled_logistics,logistics__fuel-tight__budget-tight,solved,true,0,0.200823,7552,1224,,29,,,217,valid,results/controlled-resource/matched-2x2-p002-20260919-191259-518435/cases/metric-ff-cross-v1/h-numeric-hff__s-default/controlled_logistics/logistics__fuel-tight__budget-tight/plan.val,results/controlled-resource/matched-2x2-p002-20260919-191259-518435/cases/metric-ff-cross-v1/h-numeric-hff__s-default/controlled_logistics/logistics__fuel-tight__budget-tight,tight,tight,p002
numeric-fast-downward-local,h-irhadd__s-astar,irhadd,astar,controlled_logistics,logistics__fuel-loose__budget-loose,solved,true,0,1.204505,29060,29060,,31,2267,76,76,valid,results/controlled-resource/matched-2x2-p002-20260919-191259-518435/cases/numeric-fast-downward-local/h-irhadd__s-astar/controlled_logistics/logistics__fuel-loose__budget-loose/plan.val,results/controlled-resource/matched-2x2-p002-20260919-191259-518435/cases/numeric-fast-downward-local/h-irhadd__s-astar/controlled_logistics/logistics__fuel-loose__budget-loose,loose,loose,p002
numeric-fast-downward-local,h-irhadd__s-astar,irhadd,astar,controlled_logistics,logistics__fuel-loose__budget-tight,solved,true,0,0.602647,24116,24116,,31,939,98,98,valid,results/controlled-resource/matched-2x2-p002-20260919-191259-518435/cases/numeric-fast-downward-local/h-irhadd__s-astar/controlled_logistics/logistics__fuel-loose__budget-tight/plan.val,results/controlled-resource/matched-2x2-p002-20260919-191259-518435/cases/numeric-fast-downward-local/h-irhadd__s-astar/controlled_logistics/logistics__fuel-loose__budget-tight,loose,tight,p002
numeric-fast-downward-local,h-irhadd__s-astar,irhadd,astar,controlled_logistics,logistics__fuel-tight__budget-loose,solved,true,0,1.205011,28428,28428,,32,2003,80,80,valid,results/controlled-resource/matched-2x2-p002-20260919-191259-518435/cases/numeric-fast-downward-local/h-irhadd__s-astar/controlled_logistics/logistics__fuel-tight__budget-loose/plan.val,results/controlled-resource/matched-2x2-p002-20260919-191259-518435/cases/numeric-fast-downward-local/h-irhadd__s-astar/controlled_logistics/logistics__fuel-tight__budget-loose,tight,loose,p002
numeric-fast-downward-local,h-irhadd__s-astar,irhadd,astar,controlled_logistics,logistics__fuel-tight__budget-tight,solved,true,0,0.803542,27056,27056,,30,1063,96,96,valid,results/controlled-resource/matched-2x2-p002-20260919-191259-518435/cases/numeric-fast-downward-local/h-irhadd__s-astar/controlled_logistics/logistics__fuel-tight__budget-tight/plan.val,results/controlled-resource/matched-2x2-p002-20260919-191259-518435/cases/numeric-fast-downward-local/h-irhadd__s-astar/controlled_logistics/logistics__fuel-tight__budget-tight,tight,tight,p002
count-downward-agile,h-irhff__s-alias,irhff,alias,controlled_watering,watering__water-loose__battery-loose,solved,true,0,0.200961,15220,596,,27,2324,82,82,valid,results/controlled-resource/matched-2x2-p002-20260919-191259-518435/cases/count-downward-agile/h-irhff__s-alias/controlled_watering/watering__water-loose__battery-loose/plan.val,results/controlled-resource/matched-2x2-p002-20260919-191259-518435/cases/count-downward-agile/h-irhff__s-alias/controlled_watering/watering__water-loose__battery-loose,loose,loose,p002
count-downward-agile,h-irhff__s-alias,irhff,alias,controlled_watering,watering__water-loose__battery-tight,solved,true,0,0.200963,15092,604,,27,671,82,82,valid,results/controlled-resource/matched-2x2-p002-20260919-191259-518435/cases/count-downward-agile/h-irhff__s-alias/controlled_watering/watering__water-loose__battery-tight/plan.val,results/controlled-resource/matched-2x2-p002-20260919-191259-518435/cases/count-downward-agile/h-irhff__s-alias/controlled_watering/watering__water-loose__battery-tight,loose,tight,p002
count-downward-agile,h-irhff__s-alias,irhff,alias,controlled_watering,watering__water-tight__battery-loose,solved,true,0,0.402193,24084,24084,,30,15770,104,104,valid,results/controlled-resource/matched-2x2-p002-20260919-191259-518435/cases/count-downward-agile/h-irhff__s-alias/controlled_watering/watering__water-tight__battery-loose/plan.val,results/controlled-resource/matched-2x2-p002-20260919-191259-518435/cases/count-downward-agile/h-irhff__s-alias/controlled_watering/watering__water-tight__battery-loose,tight,loose,p002
count-downward-agile,h-irhff__s-alias,irhff,alias,controlled_watering,watering__water-tight__battery-tight,solved,true,0,0.200892,15100,604,,31,3983,119,119,valid,results/controlled-resource/matched-2x2-p002-20260919-191259-518435/cases/count-downward-agile/h-irhff__s-alias/controlled_watering/watering__water-tight__battery-tight/plan.val,results/controlled-resource/matched-2x2-p002-20260919-191259-518435/cases/count-downward-agile/h-irhff__s-alias/controlled_watering/watering__water-tight__battery-tight,tight,tight,p002
enhsp,h-hadd__s-wastar,hadd,WAStar,controlled_watering,watering__water-loose__battery-loose,solved,true,0,0.402379,115852,75892,,26,206,77.0,77,valid,results/controlled-resource/matched-2x2-p002-20260919-191259-518435/cases/enhsp/h-hadd__s-wastar/controlled_watering/watering__water-loose__battery-loose/plan.val,results/controlled-resource/matched-2x2-p002-20260919-191259-518435/cases/enhsp/h-hadd__s-wastar/controlled_watering/watering__water-loose__battery-loose,loose,loose,p002
enhsp,h-hadd__s-wastar,hadd,WAStar,controlled_watering,watering__water-loose__battery-tight,solved,true,0,0.401691,114388,75676,,26,206,77.0,77,valid,results/controlled-resource/matched-2x2-p002-20260919-191259-518435/cases/enhsp/h-hadd__s-wastar/controlled_watering/watering__water-loose__battery-tight/plan.val,results/controlled-resource/matched-2x2-p002-20260919-191259-518435/cases/enhsp/h-hadd__s-wastar/controlled_watering/watering__water-loose__battery-tight,loose,tight,p002
enhsp,h-hadd__s-wastar,hadd,WAStar,controlled_watering,watering__water-tight__battery-loose,solved,true,0,4.817291,686120,677836,,29,190184,99.0,99,valid,results/controlled-resource/matched-2x2-p002-20260919-191259-518435/cases/enhsp/h-hadd__s-wastar/controlled_watering/watering__water-tight__battery-loose/plan.val,results/controlled-resource/matched-2x2-p002-20260919-191259-518435/cases/enhsp/h-hadd__s-wastar/controlled_watering/watering__water-tight__battery-loose,tight,loose,p002
enhsp,h-hadd__s-wastar,hadd,WAStar,controlled_watering,watering__water-tight__battery-tight,solved,true,0,3.813265,613876,605676,,30,152822,114.0,114,valid,results/controlled-resource/matched-2x2-p002-20260919-191259-518435/cases/enhsp/h-hadd__s-wastar/controlled_watering/watering__water-tight__battery-tight/plan.val,results/controlled-resource/matched-2x2-p002-20260919-191259-518435/cases/enhsp/h-hadd__s-wastar/controlled_watering/watering__water-tight__battery-tight,tight,tight,p002
enhsp,h-hradd__s-wastar,hradd,WAStar,controlled_watering,watering__water-loose__battery-loose,solved,true,0,0.402113,92924,75760,,27,32,86.0,86,valid,results/controlled-resource/matched-2x2-p002-20260919-191259-518435/cases/enhsp/h-hradd__s-wastar/controlled_watering/watering__water-loose__battery-loose/plan.val,results/controlled-resource/matched-2x2-p002-20260919-191259-518435/cases/enhsp/h-hradd__s-wastar/controlled_watering/watering__water-loose__battery-loose,loose,loose,p002
enhsp,h-hradd__s-wastar,hradd,WAStar,controlled_watering,watering__water-loose__battery-tight,solved,true,0,0.401847,93820,77036,,27,32,86.0,86,valid,results/controlled-resource/matched-2x2-p002-20260919-191259-518435/cases/enhsp/h-hradd__s-wastar/controlled_watering/watering__water-loose__battery-tight/plan.val,results/controlled-resource/matched-2x2-p002-20260919-191259-518435/cases/enhsp/h-hradd__s-wastar/controlled_watering/watering__water-loose__battery-tight,loose,tight,p002
enhsp,h-hradd__s-wastar,hradd,WAStar,controlled_watering,watering__water-tight__battery-loose,solved,true,0,8.430098,824808,814308,,32,265203,127.0,127,valid,results/controlled-resource/matched-2x2-p002-20260919-191259-518435/cases/enhsp/h-hradd__s-wastar/controlled_watering/watering__water-tight__battery-loose/plan.val,results/controlled-resource/matched-2x2-p002-20260919-191259-518435/cases/enhsp/h-hradd__s-wastar/controlled_watering/watering__water-tight__battery-loose,tight,loose,p002
enhsp,h-hradd__s-wastar,hradd,WAStar,controlled_watering,watering__water-tight__battery-tight,solved,true,0,6.021853,676656,668000,,34,189045,151.0,151,valid,results/controlled-resource/matched-2x2-p002-20260919-191259-518435/cases/enhsp/h-hradd__s-wastar/controlled_watering/watering__water-tight__battery-tight/plan.val,results/controlled-resource/matched-2x2-p002-20260919-191259-518435/cases/enhsp/h-hradd__s-wastar/controlled_watering/watering__water-tight__battery-tight,tight,tight,p002
metric-ff-cross-v1,h-numeric-hff__s-default,numeric-hff,default,controlled_watering,watering__water-loose__battery-loose,solved,true,0,0.200995,3328,608,,65,,,328,valid,results/controlled-resource/matched-2x2-p002-20260919-191259-518435/cases/metric-ff-cross-v1/h-numeric-hff__s-default/controlled_watering/watering__water-loose__battery-loose/plan.val,results/controlled-resource/matched-2x2-p002-20260919-191259-518435/cases/metric-ff-cross-v1/h-numeric-hff__s-default/controlled_watering/watering__water-loose__battery-loose,loose,loose,p002
metric-ff-cross-v1,h-numeric-hff__s-default,numeric-hff,default,controlled_watering,watering__water-loose__battery-tight,solved,true,0,0.200972,3200,596,,55,,,276,valid,results/controlled-resource/matched-2x2-p002-20260919-191259-518435/cases/metric-ff-cross-v1/h-numeric-hff__s-default/controlled_watering/watering__water-loose__battery-tight/plan.val,results/controlled-resource/matched-2x2-p002-20260919-191259-518435/cases/metric-ff-cross-v1/h-numeric-hff__s-default/controlled_watering/watering__water-loose__battery-tight,loose,tight,p002
metric-ff-cross-v1,h-numeric-hff__s-default,numeric-hff,default,controlled_watering,watering__water-tight__battery-loose,solved,true,0,0.201020,3328,928,,62,,,320,valid,results/controlled-resource/matched-2x2-p002-20260919-191259-518435/cases/metric-ff-cross-v1/h-numeric-hff__s-default/controlled_watering/watering__water-tight__battery-loose/plan.val,results/controlled-resource/matched-2x2-p002-20260919-191259-518435/cases/metric-ff-cross-v1/h-numeric-hff__s-default/controlled_watering/watering__water-tight__battery-loose,tight,loose,p002
metric-ff-cross-v1,h-numeric-hff__s-default,numeric-hff,default,controlled_watering,watering__water-tight__battery-tight,solved,true,0,0.200934,3328,596,,61,,,327,valid,results/controlled-resource/matched-2x2-p002-20260919-191259-518435/cases/metric-ff-cross-v1/h-numeric-hff__s-default/controlled_watering/watering__water-tight__battery-tight/plan.val,results/controlled-resource/matched-2x2-p002-20260919-191259-518435/cases/metric-ff-cross-v1/h-numeric-hff__s-default/controlled_watering/watering__water-tight__battery-tight,tight,tight,p002
numeric-fast-downward-local,h-irhadd__s-astar,irhadd,astar,controlled_watering,watering__water-loose__battery-loose,solved,true,0,0.401651,24200,24200,,26,3363,77,77,valid,results/controlled-resource/matched-2x2-p002-20260919-191259-518435/cases/numeric-fast-downward-local/h-irhadd__s-astar/controlled_watering/watering__water-loose__battery-loose/plan.val,results/controlled-resource/matched-2x2-p002-20260919-191259-518435/cases/numeric-fast-downward-local/h-irhadd__s-astar/controlled_watering/watering__water-loose__battery-loose,loose,loose,p002
numeric-fast-downward-local,h-irhadd__s-astar,irhadd,astar,controlled_watering,watering__water-loose__battery-tight,solved,true,0,0.401868,24272,24272,,26,3363,77,77,valid,results/controlled-resource/matched-2x2-p002-20260919-191259-518435/cases/numeric-fast-downward-local/h-irhadd__s-astar/controlled_watering/watering__water-loose__battery-tight/plan.val,results/controlled-resource/matched-2x2-p002-20260919-191259-518435/cases/numeric-fast-downward-local/h-irhadd__s-astar/controlled_watering/watering__water-loose__battery-tight,loose,tight,p002
numeric-fast-downward-local,h-irhadd__s-astar,irhadd,astar,controlled_watering,watering__water-tight__battery-loose,solved,true,0,15.862029,394648,394648,,29,549228,99,99,valid,results/controlled-resource/matched-2x2-p002-20260919-191259-518435/cases/numeric-fast-downward-local/h-irhadd__s-astar/controlled_watering/watering__water-tight__battery-loose/plan.val,results/controlled-resource/matched-2x2-p002-20260919-191259-518435/cases/numeric-fast-downward-local/h-irhadd__s-astar/controlled_watering/watering__water-tight__battery-loose,tight,loose,p002
numeric-fast-downward-local,h-irhadd__s-astar,irhadd,astar,controlled_watering,watering__water-tight__battery-tight,solved,true,0,8.834398,237820,237820,,30,308249,114,114,valid,results/controlled-resource/matched-2x2-p002-20260919-191259-518435/cases/numeric-fast-downward-local/h-irhadd__s-astar/controlled_watering/watering__water-tight__battery-tight/plan.val,results/controlled-resource/matched-2x2-p002-20260919-191259-518435/cases/numeric-fast-downward-local/h-irhadd__s-astar/controlled_watering/watering__water-tight__battery-tight,tight,tight,p002
count-downward-agile,h-irhff__s-alias,irhff,alias,controlled_logistics,logistics__fuel-loose__budget-loose,solved,true,0,0.401735,20736,20652,,37,737,369,369,valid,results/controlled-resource/matched-2x2-p003-20260919-191426-639268/cases/count-downward-agile/h-irhff__s-alias/controlled_logistics/logistics__fuel-loose__budget-loose/plan.val,results/controlled-resource/matched-2x2-p003-20260919-191426-639268/cases/count-downward-agile/h-irhff__s-alias/controlled_logistics/logistics__fuel-loose__budget-loose,loose,loose,p003
count-downward-agile,h-irhff__s-alias,irhff,alias,controlled_logistics,logistics__fuel-loose__budget-tight,solved,true,0,0.401752,22212,22212,,52,285,492,492,valid,results/controlled-resource/matched-2x2-p003-20260919-191426-639268/cases/count-downward-agile/h-irhff__s-alias/controlled_logistics/logistics__fuel-loose__budget-tight/plan.val,results/controlled-resource/matched-2x2-p003-20260919-191426-639268/cases/count-downward-agile/h-irhff__s-alias/controlled_logistics/logistics__fuel-loose__budget-tight,loose,tight,p003
count-downward-agile,h-irhff__s-alias,irhff,alias,controlled_logistics,logistics__fuel-tight__budget-loose,solved,true,0,0.401754,22300,22300,,45,246,403,403,valid,results/controlled-resource/matched-2x2-p003-20260919-191426-639268/cases/count-downward-agile/h-irhff__s-alias/controlled_logistics/logistics__fuel-tight__budget-loose/plan.val,results/controlled-resource/matched-2x2-p003-20260919-191426-639268/cases/count-downward-agile/h-irhff__s-alias/controlled_logistics/logistics__fuel-tight__budget-loose,tight,loose,p003
count-downward-agile,h-irhff__s-alias,irhff,alias,controlled_logistics,logistics__fuel-tight__budget-tight,solved,true,0,0.401730,21012,21012,,50,286,492,492,valid,results/controlled-resource/matched-2x2-p003-20260919-191426-639268/cases/count-downward-agile/h-irhff__s-alias/controlled_logistics/logistics__fuel-tight__budget-tight/plan.val,results/controlled-resource/matched-2x2-p003-20260919-191426-639268/cases/count-downward-agile/h-irhff__s-alias/controlled_logistics/logistics__fuel-tight__budget-tight,tight,tight,p003
enhsp,h-hadd__s-wastar,hadd,WAStar,controlled_logistics,logistics__fuel-loose__budget-loose,solved,true,0,2.007619,1111248,1090036,,48,202,155.0,155,valid,results/controlled-resource/matched-2x2-p003-20260919-191426-639268/cases/enhsp/h-hadd__s-wastar/controlled_logistics/logistics__fuel-loose__budget-loose/plan.val,results/controlled-resource/matched-2x2-p003-20260919-191426-639268/cases/enhsp/h-hadd__s-wastar/controlled_logistics/logistics__fuel-loose__budget-loose,loose,loose,p003
enhsp,h-hadd__s-wastar,hadd,WAStar,controlled_logistics,logistics__fuel-loose__budget-tight,solved,true,0,5.821951,1100292,1094172,,49,1909,147.0,147,valid,results/controlled-resource/matched-2x2-p003-20260919-191426-639268/cases/enhsp/h-hadd__s-wastar/controlled_logistics/logistics__fuel-loose__budget-tight/plan.val,results/controlled-resource/matched-2x2-p003-20260919-191426-639268/cases/enhsp/h-hadd__s-wastar/controlled_logistics/logistics__fuel-loose__budget-tight,loose,tight,p003
enhsp,h-hadd__s-wastar,hadd,WAStar,controlled_logistics,logistics__fuel-tight__budget-loose,solved,true,0,4.215605,1097300,1077696,,53,1549,159.0,159,valid,results/controlled-resource/matched-2x2-p003-20260919-191426-639268/cases/enhsp/h-hadd__s-wastar/controlled_logistics/logistics__fuel-tight__budget-loose/plan.val,results/controlled-resource/matched-2x2-p003-20260919-191426-639268/cases/enhsp/h-hadd__s-wastar/controlled_logistics/logistics__fuel-tight__budget-loose,tight,loose,p003
enhsp,h-hadd__s-wastar,hadd,WAStar,controlled_logistics,logistics__fuel-tight__budget-tight,solved,true,0,58.209853,1169156,1149180,,45,45992,147.0,147,valid,results/controlled-resource/matched-2x2-p003-20260919-191426-639268/cases/enhsp/h-hadd__s-wastar/controlled_logistics/logistics__fuel-tight__budget-tight/plan.val,results/controlled-resource/matched-2x2-p003-20260919-191426-639268/cases/enhsp/h-hadd__s-wastar/controlled_logistics/logistics__fuel-tight__budget-tight,tight,tight,p003
enhsp,h-hradd__s-wastar,hradd,WAStar,controlled_logistics,logistics__fuel-loose__budget-loose,solved,true,0,2.009348,1068516,1068516,,48,202,155.0,155,valid,results/controlled-resource/matched-2x2-p003-20260919-191426-639268/cases/enhsp/h-hradd__s-wastar/controlled_logistics/logistics__fuel-loose__budget-loose/plan.val,results/controlled-resource/matched-2x2-p003-20260919-191426-639268/cases/enhsp/h-hradd__s-wastar/controlled_logistics/logistics__fuel-loose__budget-loose,loose,loose,p003
enhsp,h-hradd__s-wastar,hradd,WAStar,controlled_logistics,logistics__fuel-loose__budget-tight,solved,true,0,6.022136,1113924,1111464,,49,1909,147.0,147,valid,results/controlled-resource/matched-2x2-p003-20260919-191426-639268/cases/enhsp/h-hradd__s-wastar/controlled_logistics/logistics__fuel-loose__budget-tight/plan.val,results/controlled-resource/matched-2x2-p003-20260919-191426-639268/cases/enhsp/h-hradd__s-wastar/controlled_logistics/logistics__fuel-loose__budget-tight,loose,tight,p003
enhsp,h-hradd__s-wastar,hradd,WAStar,controlled_logistics,logistics__fuel-tight__budget-loose,solved,true,0,4.215754,1089752,1080576,,53,1549,159.0,159,valid,results/controlled-resource/matched-2x2-p003-20260919-191426-639268/cases/enhsp/h-hradd__s-wastar/controlled_logistics/logistics__fuel-tight__budget-loose/plan.val,results/controlled-resource/matched-2x2-p003-20260919-191426-639268/cases/enhsp/h-hradd__s-wastar/controlled_logistics/logistics__fuel-tight__budget-loose,tight,loose,p003
enhsp,h-hradd__s-wastar,hradd,WAStar,controlled_logistics,logistics__fuel-tight__budget-tight,solved,true,0,59.612966,1145036,1125116,,45,45992,147.0,147,valid,results/controlled-resource/matched-2x2-p003-20260919-191426-639268/cases/enhsp/h-hradd__s-wastar/controlled_logistics/logistics__fuel-tight__budget-tight/plan.val,results/controlled-resource/matched-2x2-p003-20260919-191426-639268/cases/enhsp/h-hradd__s-wastar/controlled_logistics/logistics__fuel-tight__budget-tight,tight,tight,p003
metric-ff-cross-v1,h-numeric-hff__s-default,numeric-hff,default,controlled_logistics,logistics__fuel-loose__budget-loose,solved,true,0,0.201176,8576,608,,42,,,369,valid,results/controlled-resource/matched-2x2-p003-20260919-191426-639268/cases/metric-ff-cross-v1/h-numeric-hff__s-default/controlled_logistics/logistics__fuel-loose__budget-loose/plan.val,results/controlled-resource/matched-2x2-p003-20260919-191426-639268/cases/metric-ff-cross-v1/h-numeric-hff__s-default/controlled_logistics/logistics__fuel-loose__budget-loose,loose,loose,p003
metric-ff-cross-v1,h-numeric-hff__s-default,numeric-hff,default,controlled_logistics,logistics__fuel-loose__budget-tight,solved,true,0,0.200960,8576,1144,,42,,,369,valid,results/controlled-resource/matched-2x2-p003-20260919-191426-639268/cases/metric-ff-cross-v1/h-numeric-hff__s-default/controlled_logistics/logistics__fuel-loose__budget-tight/plan.val,results/controlled-resource/matched-2x2-p003-20260919-191426-639268/cases/metric-ff-cross-v1/h-numeric-hff__s-default/controlled_logistics/logistics__fuel-loose__budget-tight,loose,tight,p003
metric-ff-cross-v1,h-numeric-hff__s-default,numeric-hff,default,controlled_logistics,logistics__fuel-tight__budget-loose,solved,true,0,0.201179,8320,1552,,51,,,483,valid,results/controlled-resource/matched-2x2-p003-20260919-191426-639268/cases/metric-ff-cross-v1/h-numeric-hff__s-default/controlled_logistics/logistics__fuel-tight__budget-loose/plan.val,results/controlled-resource/matched-2x2-p003-20260919-191426-639268/cases/metric-ff-cross-v1/h-numeric-hff__s-default/controlled_logistics/logistics__fuel-tight__budget-loose,tight,loose,p003
metric-ff-cross-v1,h-numeric-hff__s-default,numeric-hff,default,controlled_logistics,logistics__fuel-tight__budget-tight,solved,true,0,0.200968,8320,1220,,51,,,483,valid,results/controlled-resource/matched-2x2-p003-20260919-191426-639268/cases/metric-ff-cross-v1/h-numeric-hff__s-default/controlled_logistics/logistics__fuel-tight__budget-tight/plan.val,results/controlled-resource/matched-2x2-p003-20260919-191426-639268/cases/metric-ff-cross-v1/h-numeric-hff__s-default/controlled_logistics/logistics__fuel-tight__budget-tight,tight,tight,p003
numeric-fast-downward-local,h-irhadd__s-astar,irhadd,astar,controlled_logistics,logistics__fuel-loose__budget-loose,solved,true,0,0.602225,21752,21752,,48,217,155,155,valid,results/controlled-resource/matched-2x2-p003-20260919-191426-639268/cases/numeric-fast-downward-local/h-irhadd__s-astar/controlled_logistics/logistics__fuel-loose__budget-loose/plan.val,results/controlled-resource/matched-2x2-p003-20260919-191426-639268/cases/numeric-fast-downward-local/h-irhadd__s-astar/controlled_logistics/logistics__fuel-loose__budget-loose,loose,loose,p003
numeric-fast-downward-local,h-irhadd__s-astar,irhadd,astar,controlled_logistics,logistics__fuel-loose__budget-tight,solved,true,0,2.610076,39496,39496,,49,2834,147,147,valid,results/controlled-resource/matched-2x2-p003-20260919-191426-639268/cases/numeric-fast-downward-local/h-irhadd__s-astar/controlled_logistics/logistics__fuel-loose__budget-tight/plan.val,results/controlled-resource/matched-2x2-p003-20260919-191426-639268/cases/numeric-fast-downward-local/h-irhadd__s-astar/controlled_logistics/logistics__fuel-loose__budget-tight,loose,tight,p003
numeric-fast-downward-local,h-irhadd__s-astar,irhadd,astar,controlled_logistics,logistics__fuel-tight__budget-loose,solved,true,0,1.606241,33260,33260,,53,1987,159,159,valid,results/controlled-resource/matched-2x2-p003-20260919-191426-639268/cases/numeric-fast-downward-local/h-irhadd__s-astar/controlled_logistics/logistics__fuel-tight__budget-loose/plan.val,results/controlled-resource/matched-2x2-p003-20260919-191426-639268/cases/numeric-fast-downward-local/h-irhadd__s-astar/controlled_logistics/logistics__fuel-tight__budget-loose,tight,loose,p003
numeric-fast-downward-local,h-irhadd__s-astar,irhadd,astar,controlled_logistics,logistics__fuel-tight__budget-tight,solved,true,0,15.858827,162348,162348,,45,32946,147,147,valid,results/controlled-resource/matched-2x2-p003-20260919-191426-639268/cases/numeric-fast-downward-local/h-irhadd__s-astar/controlled_logistics/logistics__fuel-tight__budget-tight/plan.val,results/controlled-resource/matched-2x2-p003-20260919-191426-639268/cases/numeric-fast-downward-local/h-irhadd__s-astar/controlled_logistics/logistics__fuel-tight__budget-tight,tight,tight,p003
count-downward-agile,h-irhff__s-alias,irhff,alias,controlled_watering,watering__water-loose__battery-loose,solved,true,0,0.401714,15488,13252,,33,7061,144,144,valid,results/controlled-resource/matched-2x2-p003-20260919-191426-639268/cases/count-downward-agile/h-irhff__s-alias/controlled_watering/watering__water-loose__battery-loose/plan.val,results/controlled-resource/matched-2x2-p003-20260919-191426-639268/cases/count-downward-agile/h-irhff__s-alias/controlled_watering/watering__water-loose__battery-loose,loose,loose,p003
count-downward-agile,h-irhff__s-alias,irhff,alias,controlled_watering,watering__water-loose__battery-tight,solved,true,0,0.201002,15616,592,,40,2103,197,197,valid,results/controlled-resource/matched-2x2-p003-20260919-191426-639268/cases/count-downward-agile/h-irhff__s-alias/controlled_watering/watering__water-loose__battery-tight/plan.val,results/controlled-resource/matched-2x2-p003-20260919-191426-639268/cases/count-downward-agile/h-irhff__s-alias/controlled_watering/watering__water-loose__battery-tight,loose,tight,p003
count-downward-agile,h-irhff__s-alias,irhff,alias,controlled_watering,watering__water-tight__battery-loose,solved,true,0,2.208778,65884,65884,,43,134220,232,232,valid,results/controlled-resource/matched-2x2-p003-20260919-191426-639268/cases/count-downward-agile/h-irhff__s-alias/controlled_watering/watering__water-tight__battery-loose/plan.val,results/controlled-resource/matched-2x2-p003-20260919-191426-639268/cases/count-downward-agile/h-irhff__s-alias/controlled_watering/watering__water-tight__battery-loose,tight,loose,p003
count-downward-agile,h-irhff__s-alias,irhff,alias,controlled_watering,watering__water-tight__battery-tight,solved,true,0,0.602572,28824,28824,,61,30931,310,310,valid,results/controlled-resource/matched-2x2-p003-20260919-191426-639268/cases/count-downward-agile/h-irhff__s-alias/controlled_watering/watering__water-tight__battery-tight/plan.val,results/controlled-resource/matched-2x2-p003-20260919-191426-639268/cases/count-downward-agile/h-irhff__s-alias/controlled_watering/watering__water-tight__battery-tight,tight,tight,p003
enhsp,h-hadd__s-wastar,hadd,WAStar,controlled_watering,watering__water-loose__battery-loose,solved,true,0,0.402268,123760,88712,,35,1641,156.0,156,valid,results/controlled-resource/matched-2x2-p003-20260919-191426-639268/cases/enhsp/h-hadd__s-wastar/controlled_watering/watering__water-loose__battery-loose/plan.val,results/controlled-resource/matched-2x2-p003-20260919-191426-639268/cases/enhsp/h-hadd__s-wastar/controlled_watering/watering__water-loose__battery-loose,loose,loose,p003
enhsp,h-hadd__s-wastar,hadd,WAStar,controlled_watering,watering__water-loose__battery-tight,solved,true,0,0.802852,238744,199820,,32,11116,136.0,136,valid,results/controlled-resource/matched-2x2-p003-20260919-191426-639268/cases/enhsp/h-hadd__s-wastar/controlled_watering/watering__water-loose__battery-tight/plan.val,results/controlled-resource/matched-2x2-p003-20260919-191426-639268/cases/enhsp/h-hadd__s-wastar/controlled_watering/watering__water-loose__battery-tight,loose,tight,p003
enhsp,h-hadd__s-wastar,hadd,WAStar,controlled_watering,watering__water-tight__battery-loose,solved,true,0,11.845522,1172484,1102544,,37,421808,169.0,169,valid,results/controlled-resource/matched-2x2-p003-20260919-191426-639268/cases/enhsp/h-hadd__s-wastar/controlled_watering/watering__water-tight__battery-loose/plan.val,results/controlled-resource/matched-2x2-p003-20260919-191426-639268/cases/enhsp/h-hadd__s-wastar/controlled_watering/watering__water-tight__battery-loose,tight,loose,p003
enhsp,h-hadd__s-wastar,hadd,WAStar,controlled_watering,watering__water-tight__battery-tight,solved,true,0,16.860523,1409104,1389048,,38,613324,184.0,184,valid,results/controlled-resource/matched-2x2-p003-20260919-191426-639268/cases/enhsp/h-hadd__s-wastar/controlled_watering/watering__water-tight__battery-tight/plan.val,results/controlled-resource/matched-2x2-p003-20260919-191426-639268/cases/enhsp/h-hadd__s-wastar/controlled_watering/watering__water-tight__battery-tight,tight,tight,p003
enhsp,h-hradd__s-wastar,hradd,WAStar,controlled_watering,watering__water-loose__battery-loose,solved,true,0,0.401716,128476,89028,,37,642,176.0,176,valid,results/controlled-resource/matched-2x2-p003-20260919-191426-639268/cases/enhsp/h-hradd__s-wastar/controlled_watering/watering__water-loose__battery-loose/plan.val,results/controlled-resource/matched-2x2-p003-20260919-191426-639268/cases/enhsp/h-hradd__s-wastar/controlled_watering/watering__water-loose__battery-loose,loose,loose,p003
enhsp,h-hradd__s-wastar,hradd,WAStar,controlled_watering,watering__water-loose__battery-tight,solved,true,0,0.602427,150880,150880,,39,1783,206.0,206,valid,results/controlled-resource/matched-2x2-p003-20260919-191426-639268/cases/enhsp/h-hradd__s-wastar/controlled_watering/watering__water-loose__battery-tight/plan.val,results/controlled-resource/matched-2x2-p003-20260919-191426-639268/cases/enhsp/h-hradd__s-wastar/controlled_watering/watering__water-loose__battery-tight,loose,tight,p003
enhsp,h-hradd__s-wastar,hradd,WAStar,controlled_watering,watering__water-tight__battery-loose,solved,true,0,1.405031,420380,412508,,41,20486,206.0,206,valid,results/controlled-resource/matched-2x2-p003-20260919-191426-639268/cases/enhsp/h-hradd__s-wastar/controlled_watering/watering__water-tight__battery-loose/plan.val,results/controlled-resource/matched-2x2-p003-20260919-191426-639268/cases/enhsp/h-hradd__s-wastar/controlled_watering/watering__water-tight__battery-loose,tight,loose,p003
enhsp,h-hradd__s-wastar,hradd,WAStar,controlled_watering,watering__water-tight__battery-tight,solved,true,0,2.007258,446632,439944,,47,39363,274.0,274,valid,results/controlled-resource/matched-2x2-p003-20260919-191426-639268/cases/enhsp/h-hradd__s-wastar/controlled_watering/watering__water-tight__battery-tight/plan.val,results/controlled-resource/matched-2x2-p003-20260919-191426-639268/cases/enhsp/h-hradd__s-wastar/controlled_watering/watering__water-tight__battery-tight,tight,tight,p003
metric-ff-cross-v1,h-numeric-hff__s-default,numeric-hff,default,controlled_watering,watering__water-loose__battery-loose,solved,true,0,0.201192,3584,916,,47,,,253,valid,results/controlled-resource/matched-2x2-p003-20260919-191426-639268/cases/metric-ff-cross-v1/h-numeric-hff__s-default/controlled_watering/watering__water-loose__battery-loose/plan.val,results/controlled-resource/matched-2x2-p003-20260919-191426-639268/cases/metric-ff-cross-v1/h-numeric-hff__s-default/controlled_watering/watering__water-loose__battery-loose,loose,loose,p003
metric-ff-cross-v1,h-numeric-hff__s-default,numeric-hff,default,controlled_watering,watering__water-loose__battery-tight,solved,true,0,0.200943,3584,604,,51,,,299,valid,results/controlled-resource/matched-2x2-p003-20260919-191426-639268/cases/metric-ff-cross-v1/h-numeric-hff__s-default/controlled_watering/watering__water-loose__battery-tight/plan.val,results/controlled-resource/matched-2x2-p003-20260919-191426-639268/cases/metric-ff-cross-v1/h-numeric-hff__s-default/controlled_watering/watering__water-loose__battery-tight,loose,tight,p003
metric-ff-cross-v1,h-numeric-hff__s-default,numeric-hff,default,controlled_watering,watering__water-tight__battery-loose,solved,true,0,0.201040,3712,1048,,70,,,452,valid,results/controlled-resource/matched-2x2-p003-20260919-191426-639268/cases/metric-ff-cross-v1/h-numeric-hff__s-default/controlled_watering/watering__water-tight__battery-loose/plan.val,results/controlled-resource/matched-2x2-p003-20260919-191426-639268/cases/metric-ff-cross-v1/h-numeric-hff__s-default/controlled_watering/watering__water-tight__battery-loose,tight,loose,p003
metric-ff-cross-v1,h-numeric-hff__s-default,numeric-hff,default,controlled_watering,watering__water-tight__battery-tight,solved,true,0,0.201065,4224,736,,86,,,566,valid,results/controlled-resource/matched-2x2-p003-20260919-191426-639268/cases/metric-ff-cross-v1/h-numeric-hff__s-default/controlled_watering/watering__water-tight__battery-tight/plan.val,results/controlled-resource/matched-2x2-p003-20260919-191426-639268/cases/metric-ff-cross-v1/h-numeric-hff__s-default/controlled_watering/watering__water-tight__battery-tight,tight,tight,p003
numeric-fast-downward-local,h-irhadd__s-astar,irhadd,astar,controlled_watering,watering__water-loose__battery-loose,solved,true,0,0.602471,30588,30588,,31,8081,121,121,valid,results/controlled-resource/matched-2x2-p003-20260919-191426-639268/cases/numeric-fast-downward-local/h-irhadd__s-astar/controlled_watering/watering__water-loose__battery-loose/plan.val,results/controlled-resource/matched-2x2-p003-20260919-191426-639268/cases/numeric-fast-downward-local/h-irhadd__s-astar/controlled_watering/watering__water-loose__battery-loose,loose,loose,p003
numeric-fast-downward-local,h-irhadd__s-astar,irhadd,astar,controlled_watering,watering__water-loose__battery-tight,solved,true,0,2.007988,70372,70372,,32,53020,136,136,valid,results/controlled-resource/matched-2x2-p003-20260919-191426-639268/cases/numeric-fast-downward-local/h-irhadd__s-astar/controlled_watering/watering__water-loose__battery-tight/plan.val,results/controlled-resource/matched-2x2-p003-20260919-191426-639268/cases/numeric-fast-downward-local/h-irhadd__s-astar/controlled_watering/watering__water-loose__battery-tight,loose,tight,p003
numeric-fast-downward-local,h-irhadd__s-astar,irhadd,astar,controlled_watering,watering__water-tight__battery-loose,solved,true,0,41.359473,1062452,1062452,,37,1177378,169,169,valid,results/controlled-resource/matched-2x2-p003-20260919-191426-639268/cases/numeric-fast-downward-local/h-irhadd__s-astar/controlled_watering/watering__water-tight__battery-loose/plan.val,results/controlled-resource/matched-2x2-p003-20260919-191426-639268/cases/numeric-fast-downward-local/h-irhadd__s-astar/controlled_watering/watering__water-tight__battery-loose,tight,loose,p003
numeric-fast-downward-local,h-irhadd__s-astar,irhadd,astar,controlled_watering,watering__water-tight__battery-tight,solved,true,0,46.775622,1197572,1197572,,38,1815848,184,184,valid,results/controlled-resource/matched-2x2-p003-20260919-191426-639268/cases/numeric-fast-downward-local/h-irhadd__s-astar/controlled_watering/watering__water-tight__battery-tight/plan.val,results/controlled-resource/matched-2x2-p003-20260919-191426-639268/cases/numeric-fast-downward-local/h-irhadd__s-astar/controlled_watering/watering__water-tight__battery-tight,tight,tight,p003
count-downward-agile,h-irhff__s-alias,irhff,alias,controlled_logistics,logistics__fuel-loose__budget-loose,solved,true,0,17.870188,129984,129984,,81,131514,1095,1095,valid,results/controlled-resource/matched-2x2-p004-20260919-191158-193347/cases/count-downward-agile/h-irhff__s-alias/controlled_logistics/logistics__fuel-loose__budget-loose/plan.val,results/controlled-resource/matched-2x2-p004-20260919-191158-193347/cases/count-downward-agile/h-irhff__s-alias/controlled_logistics/logistics__fuel-loose__budget-loose,loose,loose,p004
count-downward-agile,h-irhff__s-alias,irhff,alias,controlled_logistics,logistics__fuel-loose__budget-tight,solved,true,0,0.602654,35360,35360,,59,1824,666,666,valid,results/controlled-resource/matched-2x2-p004-20260919-191158-193347/cases/count-downward-agile/h-irhff__s-alias/controlled_logistics/logistics__fuel-loose__budget-tight/plan.val,results/controlled-resource/matched-2x2-p004-20260919-191158-193347/cases/count-downward-agile/h-irhff__s-alias/controlled_logistics/logistics__fuel-loose__budget-tight,loose,tight,p004
count-downward-agile,h-irhff__s-alias,irhff,alias,controlled_logistics,logistics__fuel-tight__budget-loose,solved,true,0,0.803619,35960,35960,,69,3206,995,995,valid,results/controlled-resource/matched-2x2-p004-20260919-191158-193347/cases/count-downward-agile/h-irhff__s-alias/controlled_logistics/logistics__fuel-tight__budget-loose/plan.val,results/controlled-resource/matched-2x2-p004-20260919-191158-193347/cases/count-downward-agile/h-irhff__s-alias/controlled_logistics/logistics__fuel-tight__budget-loose,tight,loose,p004
count-downward-agile,h-irhff__s-alias,irhff,alias,controlled_logistics,logistics__fuel-tight__budget-tight,solved,true,0,0.602664,36220,36220,,67,1541,928,928,valid,results/controlled-resource/matched-2x2-p004-20260919-191158-193347/cases/count-downward-agile/h-irhff__s-alias/controlled_logistics/logistics__fuel-tight__budget-tight/plan.val,results/controlled-resource/matched-2x2-p004-20260919-191158-193347/cases/count-downward-agile/h-irhff__s-alias/controlled_logistics/logistics__fuel-tight__budget-tight,tight,tight,p004
enhsp,h-hadd__s-wastar,hadd,WAStar,controlled_logistics,logistics__fuel-loose__budget-loose,solved,true,0,3.413004,1295864,1273480,,63,392,228.0,228,valid,results/controlled-resource/matched-2x2-p004-20260919-191158-193347/cases/enhsp/h-hadd__s-wastar/controlled_logistics/logistics__fuel-loose__budget-loose/plan.val,results/controlled-resource/matched-2x2-p004-20260919-191158-193347/cases/enhsp/h-hadd__s-wastar/controlled_logistics/logistics__fuel-loose__budget-loose,loose,loose,p004
enhsp,h-hadd__s-wastar,hadd,WAStar,controlled_logistics,logistics__fuel-loose__budget-tight,solved,true,0,6.022375,1165696,1165672,,54,1245,208.0,208,valid,results/controlled-resource/matched-2x2-p004-20260919-191158-193347/cases/enhsp/h-hadd__s-wastar/controlled_logistics/logistics__fuel-loose__budget-tight/plan.val,results/controlled-resource/matched-2x2-p004-20260919-191158-193347/cases/enhsp/h-hadd__s-wastar/controlled_logistics/logistics__fuel-loose__budget-tight,loose,tight,p004
enhsp,h-hadd__s-wastar,hadd,WAStar,controlled_logistics,logistics__fuel-tight__budget-loose,solved,true,0,3.213247,1107228,1088624,,66,433,240.0,240,valid,results/controlled-resource/matched-2x2-p004-20260919-191158-193347/cases/enhsp/h-hadd__s-wastar/controlled_logistics/logistics__fuel-tight__budget-loose/plan.val,results/controlled-resource/matched-2x2-p004-20260919-191158-193347/cases/enhsp/h-hadd__s-wastar/controlled_logistics/logistics__fuel-tight__budget-loose,tight,loose,p004
enhsp,h-hadd__s-wastar,hadd,WAStar,controlled_logistics,logistics__fuel-tight__budget-tight,solved,true,0,4.015335,1897052,1795056,,57,815,196.0,196,valid,results/controlled-resource/matched-2x2-p004-20260919-191158-193347/cases/enhsp/h-hadd__s-wastar/controlled_logistics/logistics__fuel-tight__budget-tight/plan.val,results/controlled-resource/matched-2x2-p004-20260919-191158-193347/cases/enhsp/h-hadd__s-wastar/controlled_logistics/logistics__fuel-tight__budget-tight,tight,tight,p004
enhsp,h-hradd__s-wastar,hradd,WAStar,controlled_logistics,logistics__fuel-loose__budget-loose,solved,true,0,3.212163,1121348,1101512,,63,392,228.0,228,valid,results/controlled-resource/matched-2x2-p004-20260919-191158-193347/cases/enhsp/h-hradd__s-wastar/controlled_logistics/logistics__fuel-loose__budget-loose/plan.val,results/controlled-resource/matched-2x2-p004-20260919-191158-193347/cases/enhsp/h-hradd__s-wastar/controlled_logistics/logistics__fuel-loose__budget-loose,loose,loose,p004
enhsp,h-hradd__s-wastar,hradd,WAStar,controlled_logistics,logistics__fuel-loose__budget-tight,solved,true,0,6.022422,1215096,1215096,,54,1245,208.0,208,valid,results/controlled-resource/matched-2x2-p004-20260919-191158-193347/cases/enhsp/h-hradd__s-wastar/controlled_logistics/logistics__fuel-loose__budget-tight/plan.val,results/controlled-resource/matched-2x2-p004-20260919-191158-193347/cases/enhsp/h-hradd__s-wastar/controlled_logistics/logistics__fuel-loose__budget-tight,loose,tight,p004
enhsp,h-hradd__s-wastar,hradd,WAStar,controlled_logistics,logistics__fuel-tight__budget-loose,solved,true,0,3.414679,1102020,1086928,,66,433,240.0,240,valid,results/controlled-resource/matched-2x2-p004-20260919-191158-193347/cases/enhsp/h-hradd__s-wastar/controlled_logistics/logistics__fuel-tight__budget-loose/plan.val,results/controlled-resource/matched-2x2-p004-20260919-191158-193347/cases/enhsp/h-hradd__s-wastar/controlled_logistics/logistics__fuel-tight__budget-loose,tight,loose,p004
enhsp,h-hradd__s-wastar,hradd,WAStar,controlled_logistics,logistics__fuel-tight__budget-tight,solved,true,0,3.814268,1198484,1176712,,57,815,196.0,196,valid,results/controlled-resource/matched-2x2-p004-20260919-191158-193347/cases/enhsp/h-hradd__s-wastar/controlled_logistics/logistics__fuel-tight__budget-tight/plan.val,results/controlled-resource/matched-2x2-p004-20260919-191158-193347/cases/enhsp/h-hradd__s-wastar/controlled_logistics/logistics__fuel-tight__budget-tight,tight,tight,p004
metric-ff-cross-v1,h-numeric-hff__s-default,numeric-hff,default,controlled_logistics,logistics__fuel-loose__budget-loose,solved,true,0,0.201033,10624,796,,50,,,710,valid,results/controlled-resource/matched-2x2-p004-20260919-191158-193347/cases/metric-ff-cross-v1/h-numeric-hff__s-default/controlled_logistics/logistics__fuel-loose__budget-loose/plan.val,results/controlled-resource/matched-2x2-p004-20260919-191158-193347/cases/metric-ff-cross-v1/h-numeric-hff__s-default/controlled_logistics/logistics__fuel-loose__budget-loose,loose,loose,p004
metric-ff-cross-v1,h-numeric-hff__s-default,numeric-hff,default,controlled_logistics,logistics__fuel-loose__budget-tight,solved,true,0,0.200915,10624,924,,50,,,710,valid,results/controlled-resource/matched-2x2-p004-20260919-191158-193347/cases/metric-ff-cross-v1/h-numeric-hff__s-default/controlled_logistics/logistics__fuel-loose__budget-tight/plan.val,results/controlled-resource/matched-2x2-p004-20260919-191158-193347/cases/metric-ff-cross-v1/h-numeric-hff__s-default/controlled_logistics/logistics__fuel-loose__budget-tight,loose,tight,p004
metric-ff-cross-v1,h-numeric-hff__s-default,numeric-hff,default,controlled_logistics,logistics__fuel-tight__budget-loose,solved,true,0,0.201322,10496,796,,55,,,766,valid,results/controlled-resource/matched-2x2-p004-20260919-191158-193347/cases/metric-ff-cross-v1/h-numeric-hff__s-default/controlled_logistics/logistics__fuel-tight__budget-loose/plan.val,results/controlled-resource/matched-2x2-p004-20260919-191158-193347/cases/metric-ff-cross-v1/h-numeric-hff__s-default/controlled_logistics/logistics__fuel-tight__budget-loose,tight,loose,p004
metric-ff-cross-v1,h-numeric-hff__s-default,numeric-hff,default,controlled_logistics,logistics__fuel-tight__budget-tight,solved,true,0,0.201027,10496,924,,55,,,774,valid,results/controlled-resource/matched-2x2-p004-20260919-191158-193347/cases/metric-ff-cross-v1/h-numeric-hff__s-default/controlled_logistics/logistics__fuel-tight__budget-tight/plan.val,results/controlled-resource/matched-2x2-p004-20260919-191158-193347/cases/metric-ff-cross-v1/h-numeric-hff__s-default/controlled_logistics/logistics__fuel-tight__budget-tight,tight,tight,p004
numeric-fast-downward-local,h-irhadd__s-astar,irhadd,astar,controlled_logistics,logistics__fuel-loose__budget-loose,solved,true,0,0.803335,36172,36172,,63,365,228,228,valid,results/controlled-resource/matched-2x2-p004-20260919-191158-193347/cases/numeric-fast-downward-local/h-irhadd__s-astar/controlled_logistics/logistics__fuel-loose__budget-loose/plan.val,results/controlled-resource/matched-2x2-p004-20260919-191158-193347/cases/numeric-fast-downward-local/h-irhadd__s-astar/controlled_logistics/logistics__fuel-loose__budget-loose,loose,loose,p004
numeric-fast-downward-local,h-irhadd__s-astar,irhadd,astar,controlled_logistics,logistics__fuel-loose__budget-tight,solved,true,0,1.004177,34760,34760,,62,551,240,240,valid,results/controlled-resource/matched-2x2-p004-20260919-191158-193347/cases/numeric-fast-downward-local/h-irhadd__s-astar/controlled_logistics/logistics__fuel-loose__budget-tight/plan.val,results/controlled-resource/matched-2x2-p004-20260919-191158-193347/cases/numeric-fast-downward-local/h-irhadd__s-astar/controlled_logistics/logistics__fuel-loose__budget-tight,loose,tight,p004
numeric-fast-downward-local,h-irhadd__s-astar,irhadd,astar,controlled_logistics,logistics__fuel-tight__budget-loose,solved,true,0,0.803231,36080,36080,,64,458,238,238,valid,results/controlled-resource/matched-2x2-p004-20260919-191158-193347/cases/numeric-fast-downward-local/h-irhadd__s-astar/controlled_logistics/logistics__fuel-tight__budget-loose/plan.val,results/controlled-resource/matched-2x2-p004-20260919-191158-193347/cases/numeric-fast-downward-local/h-irhadd__s-astar/controlled_logistics/logistics__fuel-tight__budget-loose,tight,loose,p004
numeric-fast-downward-local,h-irhadd__s-astar,irhadd,astar,controlled_logistics,logistics__fuel-tight__budget-tight,solved,true,0,0.803095,35720,35720,,58,581,207,207,valid,results/controlled-resource/matched-2x2-p004-20260919-191158-193347/cases/numeric-fast-downward-local/h-irhadd__s-astar/controlled_logistics/logistics__fuel-tight__budget-tight/plan.val,results/controlled-resource/matched-2x2-p004-20260919-191158-193347/cases/numeric-fast-downward-local/h-irhadd__s-astar/controlled_logistics/logistics__fuel-tight__budget-tight,tight,tight,p004
count-downward-agile,h-irhff__s-alias,irhff,alias,controlled_watering,watering__water-loose__battery-loose,solved,true,0,0.201066,15872,404,,40,1753,147,147,valid,results/controlled-resource/matched-2x2-p004-20260919-190431-460983/cases/count-downward-agile/h-irhff__s-alias/controlled_watering/watering__water-loose__battery-loose/plan.val,results/controlled-resource/matched-2x2-p004-20260919-190431-460983/cases/count-downward-agile/h-irhff__s-alias/controlled_watering/watering__water-loose__battery-loose,loose,loose,p004
count-downward-agile,h-irhff__s-alias,irhff,alias,controlled_watering,watering__water-loose__battery-tight,solved,true,0,0.201034,16000,1188,,51,590,244,244,valid,results/controlled-resource/matched-2x2-p004-20260919-190431-460983/cases/count-downward-agile/h-irhff__s-alias/controlled_watering/watering__water-loose__battery-tight/plan.val,results/controlled-resource/matched-2x2-p004-20260919-190431-460983/cases/count-downward-agile/h-irhff__s-alias/controlled_watering/watering__water-loose__battery-tight,loose,tight,p004
count-downward-agile,h-irhff__s-alias,irhff,alias,controlled_watering,watering__water-tight__battery-loose,solved,true,0,0.401782,23648,23648,,52,14726,252,252,valid,results/controlled-resource/matched-2x2-p004-20260919-190431-460983/cases/count-downward-agile/h-irhff__s-alias/controlled_watering/watering__water-tight__battery-loose/plan.val,results/controlled-resource/matched-2x2-p004-20260919-190431-460983/cases/count-downward-agile/h-irhff__s-alias/controlled_watering/watering__water-tight__battery-loose,tight,loose,p004
count-downward-agile,h-irhff__s-alias,irhff,alias,controlled_watering,watering__water-tight__battery-tight,solved,true,0,0.201013,15872,916,,67,2483,386,386,valid,results/controlled-resource/matched-2x2-p004-20260919-190431-460983/cases/count-downward-agile/h-irhff__s-alias/controlled_watering/watering__water-tight__battery-tight/plan.val,results/controlled-resource/matched-2x2-p004-20260919-190431-460983/cases/count-downward-agile/h-irhff__s-alias/controlled_watering/watering__water-tight__battery-tight,tight,tight,p004
enhsp,h-hadd__s-wastar,hadd,WAStar,controlled_watering,watering__water-loose__battery-loose,solved,true,0,1.004896,236108,216580,,43,6570,172.0,172,valid,results/controlled-resource/matched-2x2-p004-20260919-190431-460983/cases/enhsp/h-hadd__s-wastar/controlled_watering/watering__water-loose__battery-loose/plan.val,results/controlled-resource/matched-2x2-p004-20260919-190431-460983/cases/enhsp/h-hadd__s-wastar/controlled_watering/watering__water-loose__battery-loose,loose,loose,p004
enhsp,h-hadd__s-wastar,hadd,WAStar,controlled_watering,watering__water-loose__battery-tight,solved,true,0,1.406304,437548,428852,,43,19556,187.0,187,valid,results/controlled-resource/matched-2x2-p004-20260919-190431-460983/cases/enhsp/h-hadd__s-wastar/controlled_watering/watering__water-loose__battery-tight/plan.val,results/controlled-resource/matched-2x2-p004-20260919-190431-460983/cases/enhsp/h-hadd__s-wastar/controlled_watering/watering__water-loose__battery-tight,loose,tight,p004
enhsp,h-hadd__s-wastar,hadd,WAStar,controlled_watering,watering__water-tight__battery-loose,timeout,true,timeout,60.028151,2801568,2801568,timeout,,1010221,,,not-run,,results/controlled-resource/matched-2x2-p004-20260919-190431-460983/cases/enhsp/h-hadd__s-wastar/controlled_watering/watering__water-tight__battery-loose,tight,loose,p004
enhsp,h-hadd__s-wastar,hadd,WAStar,controlled_watering,watering__water-tight__battery-tight,timeout,true,timeout,60.032202,2636020,2636020,timeout,,1407179,,,not-run,,results/controlled-resource/matched-2x2-p004-20260919-190431-460983/cases/enhsp/h-hadd__s-wastar/controlled_watering/watering__water-tight__battery-tight,tight,tight,p004
enhsp,h-hradd__s-wastar,hradd,WAStar,controlled_watering,watering__water-loose__battery-loose,solved,true,0,0.602458,156976,134572,,50,1805,246.0,246,valid,results/controlled-resource/matched-2x2-p004-20260919-190431-460983/cases/enhsp/h-hradd__s-wastar/controlled_watering/watering__water-loose__battery-loose/plan.val,results/controlled-resource/matched-2x2-p004-20260919-190431-460983/cases/enhsp/h-hradd__s-wastar/controlled_watering/watering__water-loose__battery-loose,loose,loose,p004
enhsp,h-hradd__s-wastar,hradd,WAStar,controlled_watering,watering__water-loose__battery-tight,solved,true,0,0.602782,148160,141624,,52,1576,281.0,281,valid,results/controlled-resource/matched-2x2-p004-20260919-190431-460983/cases/enhsp/h-hradd__s-wastar/controlled_watering/watering__water-loose__battery-tight/plan.val,results/controlled-resource/matched-2x2-p004-20260919-190431-460983/cases/enhsp/h-hradd__s-wastar/controlled_watering/watering__water-loose__battery-tight,loose,tight,p004
enhsp,h-hradd__s-wastar,hradd,WAStar,controlled_watering,watering__water-tight__battery-loose,solved,true,0,0.803572,168000,136496,,56,4051,296.0,296,valid,results/controlled-resource/matched-2x2-p004-20260919-190431-460983/cases/enhsp/h-hradd__s-wastar/controlled_watering/watering__water-tight__battery-loose/plan.val,results/controlled-resource/matched-2x2-p004-20260919-190431-460983/cases/enhsp/h-hradd__s-wastar/controlled_watering/watering__water-tight__battery-loose,tight,loose,p004
enhsp,h-hradd__s-wastar,hradd,WAStar,controlled_watering,watering__water-tight__battery-tight,solved,true,0,0.803864,200884,193472,,58,5435,339.0,339,valid,results/controlled-resource/matched-2x2-p004-20260919-190431-460983/cases/enhsp/h-hradd__s-wastar/controlled_watering/watering__water-tight__battery-tight/plan.val,results/controlled-resource/matched-2x2-p004-20260919-190431-460983/cases/enhsp/h-hradd__s-wastar/controlled_watering/watering__water-tight__battery-tight,tight,tight,p004
metric-ff-cross-v1,h-numeric-hff__s-default,numeric-hff,default,controlled_watering,watering__water-loose__battery-loose,solved,true,0,0.201348,3324,736,,58,,,309,valid,results/controlled-resource/matched-2x2-p004-20260919-190431-460983/cases/metric-ff-cross-v1/h-numeric-hff__s-default/controlled_watering/watering__water-loose__battery-loose/plan.val,results/controlled-resource/matched-2x2-p004-20260919-190431-460983/cases/metric-ff-cross-v1/h-numeric-hff__s-default/controlled_watering/watering__water-loose__battery-loose,loose,loose,p004
metric-ff-cross-v1,h-numeric-hff__s-default,numeric-hff,default,controlled_watering,watering__water-loose__battery-tight,solved,true,0,0.201042,4224,596,,49,,,244,valid,results/controlled-resource/matched-2x2-p004-20260919-190431-460983/cases/metric-ff-cross-v1/h-numeric-hff__s-default/controlled_watering/watering__water-loose__battery-tight/plan.val,results/controlled-resource/matched-2x2-p004-20260919-190431-460983/cases/metric-ff-cross-v1/h-numeric-hff__s-default/controlled_watering/watering__water-loose__battery-tight,loose,tight,p004
metric-ff-cross-v1,h-numeric-hff__s-default,numeric-hff,default,controlled_watering,watering__water-tight__battery-loose,solved,true,0,0.200962,3456,604,,60,,,325,valid,results/controlled-resource/matched-2x2-p004-20260919-190431-460983/cases/metric-ff-cross-v1/h-numeric-hff__s-default/controlled_watering/watering__water-tight__battery-loose/plan.val,results/controlled-resource/matched-2x2-p004-20260919-190431-460983/cases/metric-ff-cross-v1/h-numeric-hff__s-default/controlled_watering/watering__water-tight__battery-loose,tight,loose,p004
metric-ff-cross-v1,h-numeric-hff__s-default,numeric-hff,default,controlled_watering,watering__water-tight__battery-tight,solved,true,0,0.201257,3456,1060,,79,,,539,valid,results/controlled-resource/matched-2x2-p004-20260919-190431-460983/cases/metric-ff-cross-v1/h-numeric-hff__s-default/controlled_watering/watering__water-tight__battery-tight/plan.val,results/controlled-resource/matched-2x2-p004-20260919-190431-460983/cases/metric-ff-cross-v1/h-numeric-hff__s-default/controlled_watering/watering__water-tight__battery-tight,tight,tight,p004
numeric-fast-downward-local,h-irhadd__s-astar,irhadd,astar,controlled_watering,watering__water-loose__battery-loose,solved,true,0,44.167357,1099420,1099420,,40,613818,137,137,valid,results/controlled-resource/matched-2x2-p004-20260919-190431-460983/cases/numeric-fast-downward-local/h-irhadd__s-astar/controlled_watering/watering__water-loose__battery-loose/plan.val,results/controlled-resource/matched-2x2-p004-20260919-190431-460983/cases/numeric-fast-downward-local/h-irhadd__s-astar/controlled_watering/watering__water-loose__battery-loose,loose,loose,p004
numeric-fast-downward-local,h-irhadd__s-astar,irhadd,astar,controlled_watering,watering__water-loose__battery-tight,solved,true,0,28.909915,769848,769848,,43,671753,187,187,valid,results/controlled-resource/matched-2x2-p004-20260919-190431-460983/cases/numeric-fast-downward-local/h-irhadd__s-astar/controlled_watering/watering__water-loose__battery-tight/plan.val,results/controlled-resource/matched-2x2-p004-20260919-190431-460983/cases/numeric-fast-downward-local/h-irhadd__s-astar/controlled_watering/watering__water-loose__battery-tight,loose,tight,p004
numeric-fast-downward-local,h-irhadd__s-astar,irhadd,astar,controlled_watering,watering__water-tight__battery-loose,timeout,true,timeout,60.031242,1465548,1465548,timeout,,26382,,,not-run,,results/controlled-resource/matched-2x2-p004-20260919-190431-460983/cases/numeric-fast-downward-local/h-irhadd__s-astar/controlled_watering/watering__water-tight__battery-loose,tight,loose,p004
numeric-fast-downward-local,h-irhadd__s-astar,irhadd,astar,controlled_watering,watering__water-tight__battery-tight,timeout,true,timeout,60.036825,1516832,1516832,timeout,,431000,,,not-run,,results/controlled-resource/matched-2x2-p004-20260919-190431-460983/cases/numeric-fast-downward-local/h-irhadd__s-astar/controlled_watering/watering__water-tight__battery-tight,tight,tight,p004
