planner,configuration,heuristic,search,benchmark,instance,status,compatible,return_code,wall_seconds,max_rss_kb,peak_group_rss_kb,limit_reason,plan_length,expanded_nodes,metric_value,objective_value,validation,plan_path,case_directory
count-downward-agile,h-irhff__s-alias,irhff,alias,changmin_01_blocksworld,p000.pddl,solved,true,0,0.214173,13824,10208,,1,1,1,1,valid,results/raw/changmin-heuristics-p000-20260912-145532-288189/cases/count-downward-agile/h-irhff__s-alias/changmin_01_blocksworld/p000/plan.val,results/raw/changmin-heuristics-p000-20260912-145532-288189/cases/count-downward-agile/h-irhff__s-alias/changmin_01_blocksworld/p000
count-downward-agile,h-irhff__s-alias,irhff,alias,changmin_02_logistics,p000.pddl,solved,true,0,0.213819,14464,10200,,3,3,3,3,valid,results/raw/changmin-heuristics-p000-20260912-145532-288189/cases/count-downward-agile/h-irhff__s-alias/changmin_02_logistics/p000/plan.val,results/raw/changmin-heuristics-p000-20260912-145532-288189/cases/count-downward-agile/h-irhff__s-alias/changmin_02_logistics/p000
count-downward-agile,h-irhff__s-alias,irhff,alias,changmin_03_books,p000.pddl,solved,true,0,0.213300,14720,10272,,2,2,2,2,valid,results/raw/changmin-heuristics-p000-20260912-145532-288189/cases/count-downward-agile/h-irhff__s-alias/changmin_03_books/p000/plan.val,results/raw/changmin-heuristics-p000-20260912-145532-288189/cases/count-downward-agile/h-irhff__s-alias/changmin_03_books/p000
count-downward-agile,h-irhff__s-alias,irhff,alias,changmin_04_watering,p000.pddl,solved,true,0,0.213346,14336,10420,,3,5,3,3,valid,results/raw/changmin-heuristics-p000-20260912-145532-288189/cases/count-downward-agile/h-irhff__s-alias/changmin_04_watering/p000/plan.val,results/raw/changmin-heuristics-p000-20260912-145532-288189/cases/count-downward-agile/h-irhff__s-alias/changmin_04_watering/p000
count-downward-agile,h-irhff__s-alias,irhff,alias,changmin_05_barman,p000.pddl,solved,true,0,0.213763,14720,10308,,3,8,3,3,valid,results/raw/changmin-heuristics-p000-20260912-145532-288189/cases/count-downward-agile/h-irhff__s-alias/changmin_05_barman/p000/plan.val,results/raw/changmin-heuristics-p000-20260912-145532-288189/cases/count-downward-agile/h-irhff__s-alias/changmin_05_barman/p000
count-downward-agile,h-irhff__s-alias,irhff,alias,changmin_06_assembly,p000.pddl,solved,true,0,0.213907,14208,10196,,6,7,6,6,valid,results/raw/changmin-heuristics-p000-20260912-145532-288189/cases/count-downward-agile/h-irhff__s-alias/changmin_06_assembly/p000/plan.val,results/raw/changmin-heuristics-p000-20260912-145532-288189/cases/count-downward-agile/h-irhff__s-alias/changmin_06_assembly/p000
enhsp,h-hadd__s-wastar,hadd,WAStar,changmin_01_blocksworld,p000.pddl,solved,true,0,0.213187,74684,21708,,1,2,1.0,1,valid,results/raw/changmin-heuristics-p000-20260912-145532-288189/cases/enhsp/h-hadd__s-wastar/changmin_01_blocksworld/p000/plan.val,results/raw/changmin-heuristics-p000-20260912-145532-288189/cases/enhsp/h-hadd__s-wastar/changmin_01_blocksworld/p000
enhsp,h-hmax__s-wastar,hmax,WAStar,changmin_01_blocksworld,p000.pddl,solved,true,0,0.221821,74508,26544,,1,2,1.0,1,valid,results/raw/changmin-heuristics-p000-20260912-145532-288189/cases/enhsp/h-hmax__s-wastar/changmin_01_blocksworld/p000/plan.val,results/raw/changmin-heuristics-p000-20260912-145532-288189/cases/enhsp/h-hmax__s-wastar/changmin_01_blocksworld/p000
enhsp,h-aibr__s-wastar,aibr,WAStar,changmin_01_blocksworld,p000.pddl,unsolved,true,0,0.212195,61980,21172,,,0,-1.0,,not-run,,results/raw/changmin-heuristics-p000-20260912-145532-288189/cases/enhsp/h-aibr__s-wastar/changmin_01_blocksworld/p000
enhsp,h-hradd__s-wastar,hradd,WAStar,changmin_01_blocksworld,p000.pddl,solved,true,0,0.214373,74580,25548,,1,2,1.0,1,valid,results/raw/changmin-heuristics-p000-20260912-145532-288189/cases/enhsp/h-hradd__s-wastar/changmin_01_blocksworld/p000/plan.val,results/raw/changmin-heuristics-p000-20260912-145532-288189/cases/enhsp/h-hradd__s-wastar/changmin_01_blocksworld/p000
enhsp,h-hrmax__s-wastar,hrmax,WAStar,changmin_01_blocksworld,p000.pddl,solved,true,0,0.214724,74244,26828,,1,2,1.0,1,valid,results/raw/changmin-heuristics-p000-20260912-145532-288189/cases/enhsp/h-hrmax__s-wastar/changmin_01_blocksworld/p000/plan.val,results/raw/changmin-heuristics-p000-20260912-145532-288189/cases/enhsp/h-hrmax__s-wastar/changmin_01_blocksworld/p000
enhsp,h-hmrp__s-wastar,hmrp,WAStar,changmin_01_blocksworld,p000.pddl,solved,true,0,0.211671,74644,22432,,1,2,1.0,1,valid,results/raw/changmin-heuristics-p000-20260912-145532-288189/cases/enhsp/h-hmrp__s-wastar/changmin_01_blocksworld/p000/plan.val,results/raw/changmin-heuristics-p000-20260912-145532-288189/cases/enhsp/h-hmrp__s-wastar/changmin_01_blocksworld/p000
enhsp,h-ngc__s-wastar,ngc,WAStar,changmin_01_blocksworld,p000.pddl,solved,true,0,0.214116,73532,25492,,1,2,1.0,1,valid,results/raw/changmin-heuristics-p000-20260912-145532-288189/cases/enhsp/h-ngc__s-wastar/changmin_01_blocksworld/p000/plan.val,results/raw/changmin-heuristics-p000-20260912-145532-288189/cases/enhsp/h-ngc__s-wastar/changmin_01_blocksworld/p000
enhsp,h-blcost__s-wastar,blcost,WAStar,changmin_01_blocksworld,p000.pddl,solved,true,0,0.214065,73420,25708,,1,2,1.0,1,valid,results/raw/changmin-heuristics-p000-20260912-145532-288189/cases/enhsp/h-blcost__s-wastar/changmin_01_blocksworld/p000/plan.val,results/raw/changmin-heuristics-p000-20260912-145532-288189/cases/enhsp/h-blcost__s-wastar/changmin_01_blocksworld/p000
enhsp,h-blind__s-wastar,blind,WAStar,changmin_01_blocksworld,p000.pddl,solved,true,0,0.216765,72968,31372,,1,2,1.0,1,valid,results/raw/changmin-heuristics-p000-20260912-145532-288189/cases/enhsp/h-blind__s-wastar/changmin_01_blocksworld/p000/plan.val,results/raw/changmin-heuristics-p000-20260912-145532-288189/cases/enhsp/h-blind__s-wastar/changmin_01_blocksworld/p000
enhsp,h-hadd__s-wastar,hadd,WAStar,changmin_02_logistics,p000.pddl,solved,true,0,0.212346,76068,22856,,3,4,3.0,3,valid,results/raw/changmin-heuristics-p000-20260912-145532-288189/cases/enhsp/h-hadd__s-wastar/changmin_02_logistics/p000/plan.val,results/raw/changmin-heuristics-p000-20260912-145532-288189/cases/enhsp/h-hadd__s-wastar/changmin_02_logistics/p000
enhsp,h-hmax__s-wastar,hmax,WAStar,changmin_02_logistics,p000.pddl,solved,true,0,0.220384,78392,24832,,3,4,3.0,3,valid,results/raw/changmin-heuristics-p000-20260912-145532-288189/cases/enhsp/h-hmax__s-wastar/changmin_02_logistics/p000/plan.val,results/raw/changmin-heuristics-p000-20260912-145532-288189/cases/enhsp/h-hmax__s-wastar/changmin_02_logistics/p000
enhsp,h-aibr__s-wastar,aibr,WAStar,changmin_02_logistics,p000.pddl,unsolved,true,0,0.211720,66364,22636,,,0,-1.0,,not-run,,results/raw/changmin-heuristics-p000-20260912-145532-288189/cases/enhsp/h-aibr__s-wastar/changmin_02_logistics/p000
enhsp,h-hradd__s-wastar,hradd,WAStar,changmin_02_logistics,p000.pddl,solved,true,0,0.214399,76272,26844,,3,4,3.0,3,valid,results/raw/changmin-heuristics-p000-20260912-145532-288189/cases/enhsp/h-hradd__s-wastar/changmin_02_logistics/p000/plan.val,results/raw/changmin-heuristics-p000-20260912-145532-288189/cases/enhsp/h-hradd__s-wastar/changmin_02_logistics/p000
enhsp,h-hrmax__s-wastar,hrmax,WAStar,changmin_02_logistics,p000.pddl,solved,true,0,0.432913,78472,18876,,3,4,3.0,3,valid,results/raw/changmin-heuristics-p000-20260912-145532-288189/cases/enhsp/h-hrmax__s-wastar/changmin_02_logistics/p000/plan.val,results/raw/changmin-heuristics-p000-20260912-145532-288189/cases/enhsp/h-hrmax__s-wastar/changmin_02_logistics/p000
enhsp,h-hmrp__s-wastar,hmrp,WAStar,changmin_02_logistics,p000.pddl,solved,true,0,0.211593,76240,22484,,3,4,3.0,3,valid,results/raw/changmin-heuristics-p000-20260912-145532-288189/cases/enhsp/h-hmrp__s-wastar/changmin_02_logistics/p000/plan.val,results/raw/changmin-heuristics-p000-20260912-145532-288189/cases/enhsp/h-hmrp__s-wastar/changmin_02_logistics/p000
enhsp,h-ngc__s-wastar,ngc,WAStar,changmin_02_logistics,p000.pddl,solved,true,0,0.212662,78384,22600,,3,7,3.0,3,valid,results/raw/changmin-heuristics-p000-20260912-145532-288189/cases/enhsp/h-ngc__s-wastar/changmin_02_logistics/p000/plan.val,results/raw/changmin-heuristics-p000-20260912-145532-288189/cases/enhsp/h-ngc__s-wastar/changmin_02_logistics/p000
enhsp,h-blcost__s-wastar,blcost,WAStar,changmin_02_logistics,p000.pddl,solved,true,0,0.214784,75404,23892,,3,7,3.0,3,valid,results/raw/changmin-heuristics-p000-20260912-145532-288189/cases/enhsp/h-blcost__s-wastar/changmin_02_logistics/p000/plan.val,results/raw/changmin-heuristics-p000-20260912-145532-288189/cases/enhsp/h-blcost__s-wastar/changmin_02_logistics/p000
enhsp,h-blind__s-wastar,blind,WAStar,changmin_02_logistics,p000.pddl,solved,true,0,0.214690,75180,25356,,3,7,3.0,3,valid,results/raw/changmin-heuristics-p000-20260912-145532-288189/cases/enhsp/h-blind__s-wastar/changmin_02_logistics/p000/plan.val,results/raw/changmin-heuristics-p000-20260912-145532-288189/cases/enhsp/h-blind__s-wastar/changmin_02_logistics/p000
enhsp,h-hadd__s-wastar,hadd,WAStar,changmin_03_books,p000.pddl,solved,true,0,0.212176,76464,22200,,2,3,2.0,2,valid,results/raw/changmin-heuristics-p000-20260912-145532-288189/cases/enhsp/h-hadd__s-wastar/changmin_03_books/p000/plan.val,results/raw/changmin-heuristics-p000-20260912-145532-288189/cases/enhsp/h-hadd__s-wastar/changmin_03_books/p000
enhsp,h-hmax__s-wastar,hmax,WAStar,changmin_03_books,p000.pddl,solved,true,0,0.431300,79424,21876,,2,3,2.0,2,valid,results/raw/changmin-heuristics-p000-20260912-145532-288189/cases/enhsp/h-hmax__s-wastar/changmin_03_books/p000/plan.val,results/raw/changmin-heuristics-p000-20260912-145532-288189/cases/enhsp/h-hmax__s-wastar/changmin_03_books/p000
enhsp,h-aibr__s-wastar,aibr,WAStar,changmin_03_books,p000.pddl,unsolved,true,0,0.211947,67352,22112,,,0,-1.0,,not-run,,results/raw/changmin-heuristics-p000-20260912-145532-288189/cases/enhsp/h-aibr__s-wastar/changmin_03_books/p000
enhsp,h-hradd__s-wastar,hradd,WAStar,changmin_03_books,p000.pddl,solved,true,0,0.213581,78948,26204,,2,3,2.0,2,valid,results/raw/changmin-heuristics-p000-20260912-145532-288189/cases/enhsp/h-hradd__s-wastar/changmin_03_books/p000/plan.val,results/raw/changmin-heuristics-p000-20260912-145532-288189/cases/enhsp/h-hradd__s-wastar/changmin_03_books/p000
enhsp,h-hrmax__s-wastar,hrmax,WAStar,changmin_03_books,p000.pddl,solved,true,0,0.213594,76400,20260,,2,3,2.0,2,valid,results/raw/changmin-heuristics-p000-20260912-145532-288189/cases/enhsp/h-hrmax__s-wastar/changmin_03_books/p000/plan.val,results/raw/changmin-heuristics-p000-20260912-145532-288189/cases/enhsp/h-hrmax__s-wastar/changmin_03_books/p000
enhsp,h-hmrp__s-wastar,hmrp,WAStar,changmin_03_books,p000.pddl,solved,true,0,0.211400,76592,22876,,2,3,2.0,2,valid,results/raw/changmin-heuristics-p000-20260912-145532-288189/cases/enhsp/h-hmrp__s-wastar/changmin_03_books/p000/plan.val,results/raw/changmin-heuristics-p000-20260912-145532-288189/cases/enhsp/h-hmrp__s-wastar/changmin_03_books/p000
enhsp,h-ngc__s-wastar,ngc,WAStar,changmin_03_books,p000.pddl,solved,true,0,0.213725,76796,26732,,2,3,2.0,2,valid,results/raw/changmin-heuristics-p000-20260912-145532-288189/cases/enhsp/h-ngc__s-wastar/changmin_03_books/p000/plan.val,results/raw/changmin-heuristics-p000-20260912-145532-288189/cases/enhsp/h-ngc__s-wastar/changmin_03_books/p000
enhsp,h-blcost__s-wastar,blcost,WAStar,changmin_03_books,p000.pddl,solved,true,0,0.214320,75720,26392,,2,4,2.0,2,valid,results/raw/changmin-heuristics-p000-20260912-145532-288189/cases/enhsp/h-blcost__s-wastar/changmin_03_books/p000/plan.val,results/raw/changmin-heuristics-p000-20260912-145532-288189/cases/enhsp/h-blcost__s-wastar/changmin_03_books/p000
enhsp,h-blind__s-wastar,blind,WAStar,changmin_03_books,p000.pddl,solved,true,0,0.215810,75668,19396,,2,4,2.0,2,valid,results/raw/changmin-heuristics-p000-20260912-145532-288189/cases/enhsp/h-blind__s-wastar/changmin_03_books/p000/plan.val,results/raw/changmin-heuristics-p000-20260912-145532-288189/cases/enhsp/h-blind__s-wastar/changmin_03_books/p000
enhsp,h-hadd__s-wastar,hadd,WAStar,changmin_04_watering,p000.pddl,solved,true,0,0.216966,75716,27936,,3,5,3.0,3,valid,results/raw/changmin-heuristics-p000-20260912-145532-288189/cases/enhsp/h-hadd__s-wastar/changmin_04_watering/p000/plan.val,results/raw/changmin-heuristics-p000-20260912-145532-288189/cases/enhsp/h-hadd__s-wastar/changmin_04_watering/p000
enhsp,h-hmax__s-wastar,hmax,WAStar,changmin_04_watering,p000.pddl,solved,true,0,0.219703,75656,19400,,3,6,3.0,3,valid,results/raw/changmin-heuristics-p000-20260912-145532-288189/cases/enhsp/h-hmax__s-wastar/changmin_04_watering/p000/plan.val,results/raw/changmin-heuristics-p000-20260912-145532-288189/cases/enhsp/h-hmax__s-wastar/changmin_04_watering/p000
enhsp,h-aibr__s-wastar,aibr,WAStar,changmin_04_watering,p000.pddl,unsolved,true,0,0.212433,63432,21252,,,0,-1.0,,not-run,,results/raw/changmin-heuristics-p000-20260912-145532-288189/cases/enhsp/h-aibr__s-wastar/changmin_04_watering/p000
enhsp,h-hradd__s-wastar,hradd,WAStar,changmin_04_watering,p000.pddl,solved,true,0,0.212770,75692,18952,,3,5,3.0,3,valid,results/raw/changmin-heuristics-p000-20260912-145532-288189/cases/enhsp/h-hradd__s-wastar/changmin_04_watering/p000/plan.val,results/raw/changmin-heuristics-p000-20260912-145532-288189/cases/enhsp/h-hradd__s-wastar/changmin_04_watering/p000
enhsp,h-hrmax__s-wastar,hrmax,WAStar,changmin_04_watering,p000.pddl,solved,true,0,0.212497,75784,22936,,3,6,3.0,3,valid,results/raw/changmin-heuristics-p000-20260912-145532-288189/cases/enhsp/h-hrmax__s-wastar/changmin_04_watering/p000/plan.val,results/raw/changmin-heuristics-p000-20260912-145532-288189/cases/enhsp/h-hrmax__s-wastar/changmin_04_watering/p000
enhsp,h-hmrp__s-wastar,hmrp,WAStar,changmin_04_watering,p000.pddl,solved,true,0,0.212279,75860,22660,,3,4,3.0,3,valid,results/raw/changmin-heuristics-p000-20260912-145532-288189/cases/enhsp/h-hmrp__s-wastar/changmin_04_watering/p000/plan.val,results/raw/changmin-heuristics-p000-20260912-145532-288189/cases/enhsp/h-hmrp__s-wastar/changmin_04_watering/p000
enhsp,h-ngc__s-wastar,ngc,WAStar,changmin_04_watering,p000.pddl,solved,true,0,0.212197,74720,21840,,3,5,3.0,3,valid,results/raw/changmin-heuristics-p000-20260912-145532-288189/cases/enhsp/h-ngc__s-wastar/changmin_04_watering/p000/plan.val,results/raw/changmin-heuristics-p000-20260912-145532-288189/cases/enhsp/h-ngc__s-wastar/changmin_04_watering/p000
enhsp,h-blcost__s-wastar,blcost,WAStar,changmin_04_watering,p000.pddl,solved,true,0,0.214282,74984,25884,,3,7,3.0,3,valid,results/raw/changmin-heuristics-p000-20260912-145532-288189/cases/enhsp/h-blcost__s-wastar/changmin_04_watering/p000/plan.val,results/raw/changmin-heuristics-p000-20260912-145532-288189/cases/enhsp/h-blcost__s-wastar/changmin_04_watering/p000
enhsp,h-blind__s-wastar,blind,WAStar,changmin_04_watering,p000.pddl,solved,true,0,0.212166,74888,22668,,3,12,3.0,3,valid,results/raw/changmin-heuristics-p000-20260912-145532-288189/cases/enhsp/h-blind__s-wastar/changmin_04_watering/p000/plan.val,results/raw/changmin-heuristics-p000-20260912-145532-288189/cases/enhsp/h-blind__s-wastar/changmin_04_watering/p000
enhsp,h-hadd__s-wastar,hadd,WAStar,changmin_05_barman,p000.pddl,solved,true,0,0.425575,78708,25720,,3,5,3.0,3,valid,results/raw/changmin-heuristics-p000-20260912-145532-288189/cases/enhsp/h-hadd__s-wastar/changmin_05_barman/p000/plan.val,results/raw/changmin-heuristics-p000-20260912-145532-288189/cases/enhsp/h-hadd__s-wastar/changmin_05_barman/p000
enhsp,h-hmax__s-wastar,hmax,WAStar,changmin_05_barman,p000.pddl,solved,true,0,0.428470,79904,25908,,3,6,3.0,3,valid,results/raw/changmin-heuristics-p000-20260912-145532-288189/cases/enhsp/h-hmax__s-wastar/changmin_05_barman/p000/plan.val,results/raw/changmin-heuristics-p000-20260912-145532-288189/cases/enhsp/h-hmax__s-wastar/changmin_05_barman/p000
enhsp,h-aibr__s-wastar,aibr,WAStar,changmin_05_barman,p000.pddl,unsolved,true,0,0.214214,66008,25868,,,0,-1.0,,not-run,,results/raw/changmin-heuristics-p000-20260912-145532-288189/cases/enhsp/h-aibr__s-wastar/changmin_05_barman/p000
enhsp,h-hradd__s-wastar,hradd,WAStar,changmin_05_barman,p000.pddl,solved,true,0,0.430930,81436,72156,,3,5,3.0,3,valid,results/raw/changmin-heuristics-p000-20260912-145532-288189/cases/enhsp/h-hradd__s-wastar/changmin_05_barman/p000/plan.val,results/raw/changmin-heuristics-p000-20260912-145532-288189/cases/enhsp/h-hradd__s-wastar/changmin_05_barman/p000
enhsp,h-hrmax__s-wastar,hrmax,WAStar,changmin_05_barman,p000.pddl,solved,true,0,0.425026,78648,23472,,3,6,3.0,3,valid,results/raw/changmin-heuristics-p000-20260912-145532-288189/cases/enhsp/h-hrmax__s-wastar/changmin_05_barman/p000/plan.val,results/raw/changmin-heuristics-p000-20260912-145532-288189/cases/enhsp/h-hrmax__s-wastar/changmin_05_barman/p000
enhsp,h-hmrp__s-wastar,hmrp,WAStar,changmin_05_barman,p000.pddl,solved,true,0,0.426089,79808,26216,,3,6,3.0,3,valid,results/raw/changmin-heuristics-p000-20260912-145532-288189/cases/enhsp/h-hmrp__s-wastar/changmin_05_barman/p000/plan.val,results/raw/changmin-heuristics-p000-20260912-145532-288189/cases/enhsp/h-hmrp__s-wastar/changmin_05_barman/p000
enhsp,h-ngc__s-wastar,ngc,WAStar,changmin_05_barman,p000.pddl,solved,true,0,0.212904,77372,25016,,3,7,3.0,3,valid,results/raw/changmin-heuristics-p000-20260912-145532-288189/cases/enhsp/h-ngc__s-wastar/changmin_05_barman/p000/plan.val,results/raw/changmin-heuristics-p000-20260912-145532-288189/cases/enhsp/h-ngc__s-wastar/changmin_05_barman/p000
enhsp,h-blcost__s-wastar,blcost,WAStar,changmin_05_barman,p000.pddl,solved,true,0,0.213989,77312,25484,,3,10,3.0,3,valid,results/raw/changmin-heuristics-p000-20260912-145532-288189/cases/enhsp/h-blcost__s-wastar/changmin_05_barman/p000/plan.val,results/raw/changmin-heuristics-p000-20260912-145532-288189/cases/enhsp/h-blcost__s-wastar/changmin_05_barman/p000
enhsp,h-blind__s-wastar,blind,WAStar,changmin_05_barman,p000.pddl,solved,true,0,0.430929,78356,70868,,3,15,3.0,3,valid,results/raw/changmin-heuristics-p000-20260912-145532-288189/cases/enhsp/h-blind__s-wastar/changmin_05_barman/p000/plan.val,results/raw/changmin-heuristics-p000-20260912-145532-288189/cases/enhsp/h-blind__s-wastar/changmin_05_barman/p000
enhsp,h-hadd__s-wastar,hadd,WAStar,changmin_06_assembly,p000.pddl,solved,true,0,0.215962,75568,29068,,6,7,6.0,6,valid,results/raw/changmin-heuristics-p000-20260912-145532-288189/cases/enhsp/h-hadd__s-wastar/changmin_06_assembly/p000/plan.val,results/raw/changmin-heuristics-p000-20260912-145532-288189/cases/enhsp/h-hadd__s-wastar/changmin_06_assembly/p000
enhsp,h-hmax__s-wastar,hmax,WAStar,changmin_06_assembly,p000.pddl,solved,true,0,0.214097,75624,25864,,6,9,6.0,6,valid,results/raw/changmin-heuristics-p000-20260912-145532-288189/cases/enhsp/h-hmax__s-wastar/changmin_06_assembly/p000/plan.val,results/raw/changmin-heuristics-p000-20260912-145532-288189/cases/enhsp/h-hmax__s-wastar/changmin_06_assembly/p000
enhsp,h-aibr__s-wastar,aibr,WAStar,changmin_06_assembly,p000.pddl,unsolved,true,0,0.212183,63556,21748,,,0,-1.0,,not-run,,results/raw/changmin-heuristics-p000-20260912-145532-288189/cases/enhsp/h-aibr__s-wastar/changmin_06_assembly/p000
enhsp,h-hradd__s-wastar,hradd,WAStar,changmin_06_assembly,p000.pddl,solved,true,0,0.215080,75492,27552,,6,7,6.0,6,valid,results/raw/changmin-heuristics-p000-20260912-145532-288189/cases/enhsp/h-hradd__s-wastar/changmin_06_assembly/p000/plan.val,results/raw/changmin-heuristics-p000-20260912-145532-288189/cases/enhsp/h-hradd__s-wastar/changmin_06_assembly/p000
enhsp,h-hrmax__s-wastar,hrmax,WAStar,changmin_06_assembly,p000.pddl,solved,true,0,0.213522,75728,19728,,6,9,6.0,6,valid,results/raw/changmin-heuristics-p000-20260912-145532-288189/cases/enhsp/h-hrmax__s-wastar/changmin_06_assembly/p000/plan.val,results/raw/changmin-heuristics-p000-20260912-145532-288189/cases/enhsp/h-hrmax__s-wastar/changmin_06_assembly/p000
enhsp,h-hmrp__s-wastar,hmrp,WAStar,changmin_06_assembly,p000.pddl,solved,true,0,0.213961,75880,24684,,6,9,6.0,6,valid,results/raw/changmin-heuristics-p000-20260912-145532-288189/cases/enhsp/h-hmrp__s-wastar/changmin_06_assembly/p000/plan.val,results/raw/changmin-heuristics-p000-20260912-145532-288189/cases/enhsp/h-hmrp__s-wastar/changmin_06_assembly/p000
enhsp,h-ngc__s-wastar,ngc,WAStar,changmin_06_assembly,p000.pddl,solved,true,0,0.212804,74748,17236,,6,8,6.0,6,valid,results/raw/changmin-heuristics-p000-20260912-145532-288189/cases/enhsp/h-ngc__s-wastar/changmin_06_assembly/p000/plan.val,results/raw/changmin-heuristics-p000-20260912-145532-288189/cases/enhsp/h-ngc__s-wastar/changmin_06_assembly/p000
enhsp,h-blcost__s-wastar,blcost,WAStar,changmin_06_assembly,p000.pddl,solved,true,0,0.214652,74744,27296,,6,9,6.0,6,valid,results/raw/changmin-heuristics-p000-20260912-145532-288189/cases/enhsp/h-blcost__s-wastar/changmin_06_assembly/p000/plan.val,results/raw/changmin-heuristics-p000-20260912-145532-288189/cases/enhsp/h-blcost__s-wastar/changmin_06_assembly/p000
enhsp,h-blind__s-wastar,blind,WAStar,changmin_06_assembly,p000.pddl,solved,true,0,0.212424,74800,22184,,6,9,6.0,6,valid,results/raw/changmin-heuristics-p000-20260912-145532-288189/cases/enhsp/h-blind__s-wastar/changmin_06_assembly/p000/plan.val,results/raw/changmin-heuristics-p000-20260912-145532-288189/cases/enhsp/h-blind__s-wastar/changmin_06_assembly/p000
metric-ff-cross-v1,h-numeric-hff__s-default,numeric-hff,default,changmin_01_blocksworld,p000.pddl,solved,true,0,0.215828,3328,0,,1,,,1,valid,results/raw/changmin-heuristics-p000-20260912-145532-288189/cases/metric-ff-cross-v1/h-numeric-hff__s-default/changmin_01_blocksworld/p000/plan.val,results/raw/changmin-heuristics-p000-20260912-145532-288189/cases/metric-ff-cross-v1/h-numeric-hff__s-default/changmin_01_blocksworld/p000
metric-ff-cross-v1,h-numeric-hff__s-default,numeric-hff,default,changmin_02_logistics,p000.pddl,solved,true,0,0.217541,3328,0,,3,,,3,valid,results/raw/changmin-heuristics-p000-20260912-145532-288189/cases/metric-ff-cross-v1/h-numeric-hff__s-default/changmin_02_logistics/p000/plan.val,results/raw/changmin-heuristics-p000-20260912-145532-288189/cases/metric-ff-cross-v1/h-numeric-hff__s-default/changmin_02_logistics/p000
metric-ff-cross-v1,h-numeric-hff__s-default,numeric-hff,default,changmin_03_books,p000.pddl,solved,true,0,0.216282,3328,0,,2,,,2,valid,results/raw/changmin-heuristics-p000-20260912-145532-288189/cases/metric-ff-cross-v1/h-numeric-hff__s-default/changmin_03_books/p000/plan.val,results/raw/changmin-heuristics-p000-20260912-145532-288189/cases/metric-ff-cross-v1/h-numeric-hff__s-default/changmin_03_books/p000
metric-ff-cross-v1,h-numeric-hff__s-default,numeric-hff,default,changmin_04_watering,p000.pddl,solved,true,0,0.214310,3328,0,,3,,,3,valid,results/raw/changmin-heuristics-p000-20260912-145532-288189/cases/metric-ff-cross-v1/h-numeric-hff__s-default/changmin_04_watering/p000/plan.val,results/raw/changmin-heuristics-p000-20260912-145532-288189/cases/metric-ff-cross-v1/h-numeric-hff__s-default/changmin_04_watering/p000
metric-ff-cross-v1,h-numeric-hff__s-default,numeric-hff,default,changmin_05_barman,p000.pddl,solved,true,0,0.215298,3328,0,,3,,,3,valid,results/raw/changmin-heuristics-p000-20260912-145532-288189/cases/metric-ff-cross-v1/h-numeric-hff__s-default/changmin_05_barman/p000/plan.val,results/raw/changmin-heuristics-p000-20260912-145532-288189/cases/metric-ff-cross-v1/h-numeric-hff__s-default/changmin_05_barman/p000
metric-ff-cross-v1,h-numeric-hff__s-default,numeric-hff,default,changmin_06_assembly,p000.pddl,solved,true,0,0.216157,3328,0,,6,,,6,valid,results/raw/changmin-heuristics-p000-20260912-145532-288189/cases/metric-ff-cross-v1/h-numeric-hff__s-default/changmin_06_assembly/p000/plan.val,results/raw/changmin-heuristics-p000-20260912-145532-288189/cases/metric-ff-cross-v1/h-numeric-hff__s-default/changmin_06_assembly/p000
numeric-fast-downward-local,h-lmcutnumeric__s-astar,lmcutnumeric,astar,changmin_01_blocksworld,p000.pddl,solved,true,0,0.214961,13892,10068,,1,2,1,1,valid,results/raw/changmin-heuristics-p000-20260912-145532-288189/cases/numeric-fast-downward-local/h-lmcutnumeric__s-astar/changmin_01_blocksworld/p000/plan.val,results/raw/changmin-heuristics-p000-20260912-145532-288189/cases/numeric-fast-downward-local/h-lmcutnumeric__s-astar/changmin_01_blocksworld/p000
numeric-fast-downward-local,h-aibr__s-astar,aibr,astar,changmin_01_blocksworld,p000.pddl,solved,true,0,0.212722,13824,7444,,1,2,1,1,valid,results/raw/changmin-heuristics-p000-20260912-145532-288189/cases/numeric-fast-downward-local/h-aibr__s-astar/changmin_01_blocksworld/p000/plan.val,results/raw/changmin-heuristics-p000-20260912-145532-288189/cases/numeric-fast-downward-local/h-aibr__s-astar/changmin_01_blocksworld/p000
numeric-fast-downward-local,h-iihmax__s-astar,iihmax,astar,changmin_01_blocksworld,p000.pddl,solved,true,0,0.217113,13816,7844,,1,2,1,1,valid,results/raw/changmin-heuristics-p000-20260912-145532-288189/cases/numeric-fast-downward-local/h-iihmax__s-astar/changmin_01_blocksworld/p000/plan.val,results/raw/changmin-heuristics-p000-20260912-145532-288189/cases/numeric-fast-downward-local/h-iihmax__s-astar/changmin_01_blocksworld/p000
numeric-fast-downward-local,h-iihadd__s-astar,iihadd,astar,changmin_01_blocksworld,p000.pddl,solved,true,0,0.225922,13824,10524,,1,2,1,1,valid,results/raw/changmin-heuristics-p000-20260912-145532-288189/cases/numeric-fast-downward-local/h-iihadd__s-astar/changmin_01_blocksworld/p000/plan.val,results/raw/changmin-heuristics-p000-20260912-145532-288189/cases/numeric-fast-downward-local/h-iihadd__s-astar/changmin_01_blocksworld/p000
numeric-fast-downward-local,h-iihff__s-astar,iihff,astar,changmin_01_blocksworld,p000.pddl,solved,true,0,0.218047,13824,7824,,1,2,1,1,valid,results/raw/changmin-heuristics-p000-20260912-145532-288189/cases/numeric-fast-downward-local/h-iihff__s-astar/changmin_01_blocksworld/p000/plan.val,results/raw/changmin-heuristics-p000-20260912-145532-288189/cases/numeric-fast-downward-local/h-iihff__s-astar/changmin_01_blocksworld/p000
numeric-fast-downward-local,h-irhmax__s-astar,irhmax,astar,changmin_01_blocksworld,p000.pddl,solved,true,0,0.222226,13696,9568,,1,2,1,1,valid,results/raw/changmin-heuristics-p000-20260912-145532-288189/cases/numeric-fast-downward-local/h-irhmax__s-astar/changmin_01_blocksworld/p000/plan.val,results/raw/changmin-heuristics-p000-20260912-145532-288189/cases/numeric-fast-downward-local/h-irhmax__s-astar/changmin_01_blocksworld/p000
numeric-fast-downward-local,h-irhadd__s-astar,irhadd,astar,changmin_01_blocksworld,p000.pddl,solved,true,0,0.214333,13824,10492,,1,2,1,1,valid,results/raw/changmin-heuristics-p000-20260912-145532-288189/cases/numeric-fast-downward-local/h-irhadd__s-astar/changmin_01_blocksworld/p000/plan.val,results/raw/changmin-heuristics-p000-20260912-145532-288189/cases/numeric-fast-downward-local/h-irhadd__s-astar/changmin_01_blocksworld/p000
numeric-fast-downward-local,h-irhff__s-astar,irhff,astar,changmin_01_blocksworld,p000.pddl,solved,true,0,0.214126,13824,10348,,1,2,1,1,valid,results/raw/changmin-heuristics-p000-20260912-145532-288189/cases/numeric-fast-downward-local/h-irhff__s-astar/changmin_01_blocksworld/p000/plan.val,results/raw/changmin-heuristics-p000-20260912-145532-288189/cases/numeric-fast-downward-local/h-irhff__s-astar/changmin_01_blocksworld/p000
numeric-fast-downward-local,h-numeric_pdb__s-astar,numeric_pdb,astar,changmin_01_blocksworld,p000.pddl,solved,true,0,0.214064,13764,10284,,1,2,1,1,valid,results/raw/changmin-heuristics-p000-20260912-145532-288189/cases/numeric-fast-downward-local/h-numeric_pdb__s-astar/changmin_01_blocksworld/p000/plan.val,results/raw/changmin-heuristics-p000-20260912-145532-288189/cases/numeric-fast-downward-local/h-numeric_pdb__s-astar/changmin_01_blocksworld/p000
numeric-fast-downward-local,h-lmcutnumeric__s-astar,lmcutnumeric,astar,changmin_02_logistics,p000.pddl,solved,true,0,0.214877,14720,10288,,3,4,3,3,valid,results/raw/changmin-heuristics-p000-20260912-145532-288189/cases/numeric-fast-downward-local/h-lmcutnumeric__s-astar/changmin_02_logistics/p000/plan.val,results/raw/changmin-heuristics-p000-20260912-145532-288189/cases/numeric-fast-downward-local/h-lmcutnumeric__s-astar/changmin_02_logistics/p000
numeric-fast-downward-local,h-aibr__s-astar,aibr,astar,changmin_02_logistics,p000.pddl,memory-limit,true,-15,8.993479,8455532,8455532,memory-limit,,1,,,not-run,,results/raw/changmin-heuristics-p000-20260912-145532-288189/cases/numeric-fast-downward-local/h-aibr__s-astar/changmin_02_logistics/p000
numeric-fast-downward-local,h-iihmax__s-astar,iihmax,astar,changmin_02_logistics,p000.pddl,solved,true,0,0.215286,14720,7776,,3,4,3,3,valid,results/raw/changmin-heuristics-p000-20260912-145532-288189/cases/numeric-fast-downward-local/h-iihmax__s-astar/changmin_02_logistics/p000/plan.val,results/raw/changmin-heuristics-p000-20260912-145532-288189/cases/numeric-fast-downward-local/h-iihmax__s-astar/changmin_02_logistics/p000
numeric-fast-downward-local,h-iihadd__s-astar,iihadd,astar,changmin_02_logistics,p000.pddl,solved,true,0,0.220881,14720,8644,,3,4,3,3,valid,results/raw/changmin-heuristics-p000-20260912-145532-288189/cases/numeric-fast-downward-local/h-iihadd__s-astar/changmin_02_logistics/p000/plan.val,results/raw/changmin-heuristics-p000-20260912-145532-288189/cases/numeric-fast-downward-local/h-iihadd__s-astar/changmin_02_logistics/p000
numeric-fast-downward-local,h-iihff__s-astar,iihff,astar,changmin_02_logistics,p000.pddl,solved,true,0,0.223648,14720,10072,,3,4,3,3,valid,results/raw/changmin-heuristics-p000-20260912-145532-288189/cases/numeric-fast-downward-local/h-iihff__s-astar/changmin_02_logistics/p000/plan.val,results/raw/changmin-heuristics-p000-20260912-145532-288189/cases/numeric-fast-downward-local/h-iihff__s-astar/changmin_02_logistics/p000
numeric-fast-downward-local,h-irhmax__s-astar,irhmax,astar,changmin_02_logistics,p000.pddl,solved,true,0,0.222251,14720,9540,,3,4,3,3,valid,results/raw/changmin-heuristics-p000-20260912-145532-288189/cases/numeric-fast-downward-local/h-irhmax__s-astar/changmin_02_logistics/p000/plan.val,results/raw/changmin-heuristics-p000-20260912-145532-288189/cases/numeric-fast-downward-local/h-irhmax__s-astar/changmin_02_logistics/p000
numeric-fast-downward-local,h-irhadd__s-astar,irhadd,astar,changmin_02_logistics,p000.pddl,solved,true,0,0.215495,14840,10656,,3,4,3,3,valid,results/raw/changmin-heuristics-p000-20260912-145532-288189/cases/numeric-fast-downward-local/h-irhadd__s-astar/changmin_02_logistics/p000/plan.val,results/raw/changmin-heuristics-p000-20260912-145532-288189/cases/numeric-fast-downward-local/h-irhadd__s-astar/changmin_02_logistics/p000
numeric-fast-downward-local,h-irhff__s-astar,irhff,astar,changmin_02_logistics,p000.pddl,solved,true,0,0.223471,14848,9976,,3,4,3,3,valid,results/raw/changmin-heuristics-p000-20260912-145532-288189/cases/numeric-fast-downward-local/h-irhff__s-astar/changmin_02_logistics/p000/plan.val,results/raw/changmin-heuristics-p000-20260912-145532-288189/cases/numeric-fast-downward-local/h-irhff__s-astar/changmin_02_logistics/p000
numeric-fast-downward-local,h-numeric_pdb__s-astar,numeric_pdb,astar,changmin_02_logistics,p000.pddl,solved,true,0,0.214201,14592,10484,,3,4,3,3,valid,results/raw/changmin-heuristics-p000-20260912-145532-288189/cases/numeric-fast-downward-local/h-numeric_pdb__s-astar/changmin_02_logistics/p000/plan.val,results/raw/changmin-heuristics-p000-20260912-145532-288189/cases/numeric-fast-downward-local/h-numeric_pdb__s-astar/changmin_02_logistics/p000
numeric-fast-downward-local,h-lmcutnumeric__s-astar,lmcutnumeric,astar,changmin_03_books,p000.pddl,solved,true,0,0.214632,14848,10616,,2,3,2,2,valid,results/raw/changmin-heuristics-p000-20260912-145532-288189/cases/numeric-fast-downward-local/h-lmcutnumeric__s-astar/changmin_03_books/p000/plan.val,results/raw/changmin-heuristics-p000-20260912-145532-288189/cases/numeric-fast-downward-local/h-lmcutnumeric__s-astar/changmin_03_books/p000
numeric-fast-downward-local,h-aibr__s-astar,aibr,astar,changmin_03_books,p000.pddl,memory-limit,true,-15,8.789118,8478920,8478920,memory-limit,,,,,not-run,,results/raw/changmin-heuristics-p000-20260912-145532-288189/cases/numeric-fast-downward-local/h-aibr__s-astar/changmin_03_books/p000
numeric-fast-downward-local,h-iihmax__s-astar,iihmax,astar,changmin_03_books,p000.pddl,solved,true,0,0.217395,14848,11088,,2,3,2,2,valid,results/raw/changmin-heuristics-p000-20260912-145532-288189/cases/numeric-fast-downward-local/h-iihmax__s-astar/changmin_03_books/p000/plan.val,results/raw/changmin-heuristics-p000-20260912-145532-288189/cases/numeric-fast-downward-local/h-iihmax__s-astar/changmin_03_books/p000
numeric-fast-downward-local,h-iihadd__s-astar,iihadd,astar,changmin_03_books,p000.pddl,solved,true,0,0.213642,14848,10076,,2,3,2,2,valid,results/raw/changmin-heuristics-p000-20260912-145532-288189/cases/numeric-fast-downward-local/h-iihadd__s-astar/changmin_03_books/p000/plan.val,results/raw/changmin-heuristics-p000-20260912-145532-288189/cases/numeric-fast-downward-local/h-iihadd__s-astar/changmin_03_books/p000
numeric-fast-downward-local,h-iihff__s-astar,iihff,astar,changmin_03_books,p000.pddl,solved,true,0,0.214423,14848,10496,,2,3,2,2,valid,results/raw/changmin-heuristics-p000-20260912-145532-288189/cases/numeric-fast-downward-local/h-iihff__s-astar/changmin_03_books/p000/plan.val,results/raw/changmin-heuristics-p000-20260912-145532-288189/cases/numeric-fast-downward-local/h-iihff__s-astar/changmin_03_books/p000
numeric-fast-downward-local,h-irhmax__s-astar,irhmax,astar,changmin_03_books,p000.pddl,solved,true,0,0.213963,14720,10144,,2,3,2,2,valid,results/raw/changmin-heuristics-p000-20260912-145532-288189/cases/numeric-fast-downward-local/h-irhmax__s-astar/changmin_03_books/p000/plan.val,results/raw/changmin-heuristics-p000-20260912-145532-288189/cases/numeric-fast-downward-local/h-irhmax__s-astar/changmin_03_books/p000
numeric-fast-downward-local,h-irhadd__s-astar,irhadd,astar,changmin_03_books,p000.pddl,solved,true,0,0.213925,14848,10344,,2,3,2,2,valid,results/raw/changmin-heuristics-p000-20260912-145532-288189/cases/numeric-fast-downward-local/h-irhadd__s-astar/changmin_03_books/p000/plan.val,results/raw/changmin-heuristics-p000-20260912-145532-288189/cases/numeric-fast-downward-local/h-irhadd__s-astar/changmin_03_books/p000
numeric-fast-downward-local,h-irhff__s-astar,irhff,astar,changmin_03_books,p000.pddl,solved,true,0,0.214627,14720,10516,,2,3,2,2,valid,results/raw/changmin-heuristics-p000-20260912-145532-288189/cases/numeric-fast-downward-local/h-irhff__s-astar/changmin_03_books/p000/plan.val,results/raw/changmin-heuristics-p000-20260912-145532-288189/cases/numeric-fast-downward-local/h-irhff__s-astar/changmin_03_books/p000
numeric-fast-downward-local,h-numeric_pdb__s-astar,numeric_pdb,astar,changmin_03_books,p000.pddl,solved,true,0,0.211970,14720,9528,,2,3,2,2,valid,results/raw/changmin-heuristics-p000-20260912-145532-288189/cases/numeric-fast-downward-local/h-numeric_pdb__s-astar/changmin_03_books/p000/plan.val,results/raw/changmin-heuristics-p000-20260912-145532-288189/cases/numeric-fast-downward-local/h-numeric_pdb__s-astar/changmin_03_books/p000
numeric-fast-downward-local,h-lmcutnumeric__s-astar,lmcutnumeric,astar,changmin_04_watering,p000.pddl,solved,true,0,0.214963,14464,10588,,3,4,3,3,valid,results/raw/changmin-heuristics-p000-20260912-145532-288189/cases/numeric-fast-downward-local/h-lmcutnumeric__s-astar/changmin_04_watering/p000/plan.val,results/raw/changmin-heuristics-p000-20260912-145532-288189/cases/numeric-fast-downward-local/h-lmcutnumeric__s-astar/changmin_04_watering/p000
numeric-fast-downward-local,h-aibr__s-astar,aibr,astar,changmin_04_watering,p000.pddl,solved,true,0,0.223440,14464,9468,,3,4,3,3,valid,results/raw/changmin-heuristics-p000-20260912-145532-288189/cases/numeric-fast-downward-local/h-aibr__s-astar/changmin_04_watering/p000/plan.val,results/raw/changmin-heuristics-p000-20260912-145532-288189/cases/numeric-fast-downward-local/h-aibr__s-astar/changmin_04_watering/p000
numeric-fast-downward-local,h-iihmax__s-astar,iihmax,astar,changmin_04_watering,p000.pddl,solved,true,0,0.215821,14464,10740,,3,4,3,3,valid,results/raw/changmin-heuristics-p000-20260912-145532-288189/cases/numeric-fast-downward-local/h-iihmax__s-astar/changmin_04_watering/p000/plan.val,results/raw/changmin-heuristics-p000-20260912-145532-288189/cases/numeric-fast-downward-local/h-iihmax__s-astar/changmin_04_watering/p000
numeric-fast-downward-local,h-iihadd__s-astar,iihadd,astar,changmin_04_watering,p000.pddl,solved,true,0,0.214195,14332,10080,,3,4,3,3,valid,results/raw/changmin-heuristics-p000-20260912-145532-288189/cases/numeric-fast-downward-local/h-iihadd__s-astar/changmin_04_watering/p000/plan.val,results/raw/changmin-heuristics-p000-20260912-145532-288189/cases/numeric-fast-downward-local/h-iihadd__s-astar/changmin_04_watering/p000
numeric-fast-downward-local,h-iihff__s-astar,iihff,astar,changmin_04_watering,p000.pddl,solved,true,0,0.214210,14592,10484,,3,4,3,3,valid,results/raw/changmin-heuristics-p000-20260912-145532-288189/cases/numeric-fast-downward-local/h-iihff__s-astar/changmin_04_watering/p000/plan.val,results/raw/changmin-heuristics-p000-20260912-145532-288189/cases/numeric-fast-downward-local/h-iihff__s-astar/changmin_04_watering/p000
numeric-fast-downward-local,h-irhmax__s-astar,irhmax,astar,changmin_04_watering,p000.pddl,solved,true,0,0.213689,14336,10208,,3,5,3,3,valid,results/raw/changmin-heuristics-p000-20260912-145532-288189/cases/numeric-fast-downward-local/h-irhmax__s-astar/changmin_04_watering/p000/plan.val,results/raw/changmin-heuristics-p000-20260912-145532-288189/cases/numeric-fast-downward-local/h-irhmax__s-astar/changmin_04_watering/p000
numeric-fast-downward-local,h-irhadd__s-astar,irhadd,astar,changmin_04_watering,p000.pddl,solved,true,0,0.214082,14592,10384,,3,4,3,3,valid,results/raw/changmin-heuristics-p000-20260912-145532-288189/cases/numeric-fast-downward-local/h-irhadd__s-astar/changmin_04_watering/p000/plan.val,results/raw/changmin-heuristics-p000-20260912-145532-288189/cases/numeric-fast-downward-local/h-irhadd__s-astar/changmin_04_watering/p000
numeric-fast-downward-local,h-irhff__s-astar,irhff,astar,changmin_04_watering,p000.pddl,solved,true,0,0.214227,14464,10404,,3,4,3,3,valid,results/raw/changmin-heuristics-p000-20260912-145532-288189/cases/numeric-fast-downward-local/h-irhff__s-astar/changmin_04_watering/p000/plan.val,results/raw/changmin-heuristics-p000-20260912-145532-288189/cases/numeric-fast-downward-local/h-irhff__s-astar/changmin_04_watering/p000
numeric-fast-downward-local,h-numeric_pdb__s-astar,numeric_pdb,astar,changmin_04_watering,p000.pddl,solved,true,0,0.213698,14464,10156,,3,4,3,3,valid,results/raw/changmin-heuristics-p000-20260912-145532-288189/cases/numeric-fast-downward-local/h-numeric_pdb__s-astar/changmin_04_watering/p000/plan.val,results/raw/changmin-heuristics-p000-20260912-145532-288189/cases/numeric-fast-downward-local/h-numeric_pdb__s-astar/changmin_04_watering/p000
numeric-fast-downward-local,h-lmcutnumeric__s-astar,lmcutnumeric,astar,changmin_05_barman,p000.pddl,solved,true,0,0.215135,14848,10564,,3,4,3,3,valid,results/raw/changmin-heuristics-p000-20260912-145532-288189/cases/numeric-fast-downward-local/h-lmcutnumeric__s-astar/changmin_05_barman/p000/plan.val,results/raw/changmin-heuristics-p000-20260912-145532-288189/cases/numeric-fast-downward-local/h-lmcutnumeric__s-astar/changmin_05_barman/p000
numeric-fast-downward-local,h-aibr__s-astar,aibr,astar,changmin_05_barman,p000.pddl,memory-limit,true,-15,16.045369,8452848,8452848,memory-limit,,7,,,not-run,,results/raw/changmin-heuristics-p000-20260912-145532-288189/cases/numeric-fast-downward-local/h-aibr__s-astar/changmin_05_barman/p000
numeric-fast-downward-local,h-iihmax__s-astar,iihmax,astar,changmin_05_barman,p000.pddl,memory-limit,true,-15,18.974113,8407940,8407940,memory-limit,,4,,,not-run,,results/raw/changmin-heuristics-p000-20260912-145532-288189/cases/numeric-fast-downward-local/h-iihmax__s-astar/changmin_05_barman/p000
numeric-fast-downward-local,h-iihadd__s-astar,iihadd,astar,changmin_05_barman,p000.pddl,memory-limit,true,-15,19.190896,8458732,8458732,memory-limit,,3,,,not-run,,results/raw/changmin-heuristics-p000-20260912-145532-288189/cases/numeric-fast-downward-local/h-iihadd__s-astar/changmin_05_barman/p000
numeric-fast-downward-local,h-iihff__s-astar,iihff,astar,changmin_05_barman,p000.pddl,memory-limit,true,-15,18.993150,8472840,8472840,memory-limit,,3,,,not-run,,results/raw/changmin-heuristics-p000-20260912-145532-288189/cases/numeric-fast-downward-local/h-iihff__s-astar/changmin_05_barman/p000
numeric-fast-downward-local,h-irhmax__s-astar,irhmax,astar,changmin_05_barman,p000.pddl,solved,true,0,0.213967,14976,10324,,3,5,3,3,valid,results/raw/changmin-heuristics-p000-20260912-145532-288189/cases/numeric-fast-downward-local/h-irhmax__s-astar/changmin_05_barman/p000/plan.val,results/raw/changmin-heuristics-p000-20260912-145532-288189/cases/numeric-fast-downward-local/h-irhmax__s-astar/changmin_05_barman/p000
numeric-fast-downward-local,h-irhadd__s-astar,irhadd,astar,changmin_05_barman,p000.pddl,solved,true,0,0.212249,14976,9752,,3,4,3,3,valid,results/raw/changmin-heuristics-p000-20260912-145532-288189/cases/numeric-fast-downward-local/h-irhadd__s-astar/changmin_05_barman/p000/plan.val,results/raw/changmin-heuristics-p000-20260912-145532-288189/cases/numeric-fast-downward-local/h-irhadd__s-astar/changmin_05_barman/p000
numeric-fast-downward-local,h-irhff__s-astar,irhff,astar,changmin_05_barman,p000.pddl,solved,true,0,0.213785,14720,10224,,3,6,3,3,valid,results/raw/changmin-heuristics-p000-20260912-145532-288189/cases/numeric-fast-downward-local/h-irhff__s-astar/changmin_05_barman/p000/plan.val,results/raw/changmin-heuristics-p000-20260912-145532-288189/cases/numeric-fast-downward-local/h-irhff__s-astar/changmin_05_barman/p000
numeric-fast-downward-local,h-numeric_pdb__s-astar,numeric_pdb,astar,changmin_05_barman,p000.pddl,crash,true,1,0.213853,14848,10264,,,,,,not-run,,results/raw/changmin-heuristics-p000-20260912-145532-288189/cases/numeric-fast-downward-local/h-numeric_pdb__s-astar/changmin_05_barman/p000
numeric-fast-downward-local,h-lmcutnumeric__s-astar,lmcutnumeric,astar,changmin_06_assembly,p000.pddl,solved,true,0,0.215437,14336,10596,,6,7,6,6,valid,results/raw/changmin-heuristics-p000-20260912-145532-288189/cases/numeric-fast-downward-local/h-lmcutnumeric__s-astar/changmin_06_assembly/p000/plan.val,results/raw/changmin-heuristics-p000-20260912-145532-288189/cases/numeric-fast-downward-local/h-lmcutnumeric__s-astar/changmin_06_assembly/p000
numeric-fast-downward-local,h-aibr__s-astar,aibr,astar,changmin_06_assembly,p000.pddl,solved,true,0,0.216695,14208,8096,,6,8,6,6,valid,results/raw/changmin-heuristics-p000-20260912-145532-288189/cases/numeric-fast-downward-local/h-aibr__s-astar/changmin_06_assembly/p000/plan.val,results/raw/changmin-heuristics-p000-20260912-145532-288189/cases/numeric-fast-downward-local/h-aibr__s-astar/changmin_06_assembly/p000
numeric-fast-downward-local,h-iihmax__s-astar,iihmax,astar,changmin_06_assembly,p000.pddl,solved,true,0,0.220961,14292,9640,,6,7,6,6,valid,results/raw/changmin-heuristics-p000-20260912-145532-288189/cases/numeric-fast-downward-local/h-iihmax__s-astar/changmin_06_assembly/p000/plan.val,results/raw/changmin-heuristics-p000-20260912-145532-288189/cases/numeric-fast-downward-local/h-iihmax__s-astar/changmin_06_assembly/p000
numeric-fast-downward-local,h-iihadd__s-astar,iihadd,astar,changmin_06_assembly,p000.pddl,solved,true,0,0.220289,14208,8944,,6,7,6,6,valid,results/raw/changmin-heuristics-p000-20260912-145532-288189/cases/numeric-fast-downward-local/h-iihadd__s-astar/changmin_06_assembly/p000/plan.val,results/raw/changmin-heuristics-p000-20260912-145532-288189/cases/numeric-fast-downward-local/h-iihadd__s-astar/changmin_06_assembly/p000
numeric-fast-downward-local,h-iihff__s-astar,iihff,astar,changmin_06_assembly,p000.pddl,solved,true,0,0.221976,14292,9596,,6,7,6,6,valid,results/raw/changmin-heuristics-p000-20260912-145532-288189/cases/numeric-fast-downward-local/h-iihff__s-astar/changmin_06_assembly/p000/plan.val,results/raw/changmin-heuristics-p000-20260912-145532-288189/cases/numeric-fast-downward-local/h-iihff__s-astar/changmin_06_assembly/p000
numeric-fast-downward-local,h-irhmax__s-astar,irhmax,astar,changmin_06_assembly,p000.pddl,solved,true,0,0.213318,14336,9604,,6,7,6,6,valid,results/raw/changmin-heuristics-p000-20260912-145532-288189/cases/numeric-fast-downward-local/h-irhmax__s-astar/changmin_06_assembly/p000/plan.val,results/raw/changmin-heuristics-p000-20260912-145532-288189/cases/numeric-fast-downward-local/h-irhmax__s-astar/changmin_06_assembly/p000
numeric-fast-downward-local,h-irhadd__s-astar,irhadd,astar,changmin_06_assembly,p000.pddl,solved,true,0,0.213972,14208,10388,,6,7,6,6,valid,results/raw/changmin-heuristics-p000-20260912-145532-288189/cases/numeric-fast-downward-local/h-irhadd__s-astar/changmin_06_assembly/p000/plan.val,results/raw/changmin-heuristics-p000-20260912-145532-288189/cases/numeric-fast-downward-local/h-irhadd__s-astar/changmin_06_assembly/p000
numeric-fast-downward-local,h-irhff__s-astar,irhff,astar,changmin_06_assembly,p000.pddl,solved,true,0,0.213909,14080,10328,,6,7,6,6,valid,results/raw/changmin-heuristics-p000-20260912-145532-288189/cases/numeric-fast-downward-local/h-irhff__s-astar/changmin_06_assembly/p000/plan.val,results/raw/changmin-heuristics-p000-20260912-145532-288189/cases/numeric-fast-downward-local/h-irhff__s-astar/changmin_06_assembly/p000
numeric-fast-downward-local,h-numeric_pdb__s-astar,numeric_pdb,astar,changmin_06_assembly,p000.pddl,solved,true,0,0.213991,14208,10208,,6,7,6,6,valid,results/raw/changmin-heuristics-p000-20260912-145532-288189/cases/numeric-fast-downward-local/h-numeric_pdb__s-astar/changmin_06_assembly/p000/plan.val,results/raw/changmin-heuristics-p000-20260912-145532-288189/cases/numeric-fast-downward-local/h-numeric_pdb__s-astar/changmin_06_assembly/p000
optic,h-rpg__s-default,rpg,default,changmin_01_blocksworld,p000.pddl,solved,true,0,0.213374,11904,0,,1,,1.000,1,valid,results/raw/changmin-heuristics-p000-20260912-145532-288189/cases/optic/h-rpg__s-default/changmin_01_blocksworld/p000/plan.val,results/raw/changmin-heuristics-p000-20260912-145532-288189/cases/optic/h-rpg__s-default/changmin_01_blocksworld/p000
optic,h-rpg__s-default,rpg,default,changmin_02_logistics,p000.pddl,unsolved,true,1,0.214297,9984,0,,,,,,not-run,,results/raw/changmin-heuristics-p000-20260912-145532-288189/cases/optic/h-rpg__s-default/changmin_02_logistics/p000
optic,h-rpg__s-default,rpg,default,changmin_03_books,p000.pddl,unsolved,true,1,0.216414,10112,0,,,,,,not-run,,results/raw/changmin-heuristics-p000-20260912-145532-288189/cases/optic/h-rpg__s-default/changmin_03_books/p000
optic,h-rpg__s-default,rpg,default,changmin_04_watering,p000.pddl,unsolved,true,1,0.215932,10112,0,,,,,,not-run,,results/raw/changmin-heuristics-p000-20260912-145532-288189/cases/optic/h-rpg__s-default/changmin_04_watering/p000
optic,h-rpg__s-default,rpg,default,changmin_05_barman,p000.pddl,unsolved,true,1,0.214645,10368,0,,,,,,not-run,,results/raw/changmin-heuristics-p000-20260912-145532-288189/cases/optic/h-rpg__s-default/changmin_05_barman/p000
optic,h-rpg__s-default,rpg,default,changmin_06_assembly,p000.pddl,unsolved,true,1,0.214888,10112,0,,,,,,not-run,,results/raw/changmin-heuristics-p000-20260912-145532-288189/cases/optic/h-rpg__s-default/changmin_06_assembly/p000
optic-cplex,h-rpg__s-default,rpg,default,changmin_01_blocksworld,p000.pddl,solved,true,0,0.213863,10624,4616,,1,,1.000,1,valid,results/raw/changmin-heuristics-p000-20260912-145532-288189/cases/optic-cplex/h-rpg__s-default/changmin_01_blocksworld/p000/plan.val,results/raw/changmin-heuristics-p000-20260912-145532-288189/cases/optic-cplex/h-rpg__s-default/changmin_01_blocksworld/p000
optic-cplex,h-rpg__s-default,rpg,default,changmin_02_logistics,p000.pddl,solved,true,timeout,120.079967,3794848,3794848,timeout,3,,,3,valid,results/raw/changmin-heuristics-p000-20260912-145532-288189/cases/optic-cplex/h-rpg__s-default/changmin_02_logistics/p000/plan.val,results/raw/changmin-heuristics-p000-20260912-145532-288189/cases/optic-cplex/h-rpg__s-default/changmin_02_logistics/p000
optic-cplex,h-rpg__s-default,rpg,default,changmin_03_books,p000.pddl,solved,true,0,0.221807,12032,1552,,2,,2.000,2,valid,results/raw/changmin-heuristics-p000-20260912-145532-288189/cases/optic-cplex/h-rpg__s-default/changmin_03_books/p000/plan.val,results/raw/changmin-heuristics-p000-20260912-145532-288189/cases/optic-cplex/h-rpg__s-default/changmin_03_books/p000
optic-cplex,h-rpg__s-default,rpg,default,changmin_04_watering,p000.pddl,solved,true,0,0.220335,12160,0,,3,,3.000,3,valid,results/raw/changmin-heuristics-p000-20260912-145532-288189/cases/optic-cplex/h-rpg__s-default/changmin_04_watering/p000/plan.val,results/raw/changmin-heuristics-p000-20260912-145532-288189/cases/optic-cplex/h-rpg__s-default/changmin_04_watering/p000
optic-cplex,h-rpg__s-default,rpg,default,changmin_05_barman,p000.pddl,solved,true,0,0.213942,17208,17208,,3,,3.000,3,valid,results/raw/changmin-heuristics-p000-20260912-145532-288189/cases/optic-cplex/h-rpg__s-default/changmin_05_barman/p000/plan.val,results/raw/changmin-heuristics-p000-20260912-145532-288189/cases/optic-cplex/h-rpg__s-default/changmin_05_barman/p000
optic-cplex,h-rpg__s-default,rpg,default,changmin_06_assembly,p000.pddl,solved,true,0,0.214066,12416,0,,6,,6.000,6,valid,results/raw/changmin-heuristics-p000-20260912-145532-288189/cases/optic-cplex/h-rpg__s-default/changmin_06_assembly/p000/plan.val,results/raw/changmin-heuristics-p000-20260912-145532-288189/cases/optic-cplex/h-rpg__s-default/changmin_06_assembly/p000
panino-lnp-agile,h-hadd-novelty__s-fixed,hadd-novelty,fixed,changmin_01_blocksworld,p000.pddl,solved,true,0,0.216743,70364,28772,,1,2,1.0,1,valid,results/raw/changmin-heuristics-p000-20260912-145532-288189/cases/panino-lnp-agile/h-hadd-novelty__s-fixed/changmin_01_blocksworld/p000/plan.val,results/raw/changmin-heuristics-p000-20260912-145532-288189/cases/panino-lnp-agile/h-hadd-novelty__s-fixed/changmin_01_blocksworld/p000
panino-lnp-agile,h-hadd-novelty__s-fixed,hadd-novelty,fixed,changmin_02_logistics,p000.pddl,solved,true,0,0.215965,72188,31168,,3,4,3.0,3,valid,results/raw/changmin-heuristics-p000-20260912-145532-288189/cases/panino-lnp-agile/h-hadd-novelty__s-fixed/changmin_02_logistics/p000/plan.val,results/raw/changmin-heuristics-p000-20260912-145532-288189/cases/panino-lnp-agile/h-hadd-novelty__s-fixed/changmin_02_logistics/p000
panino-lnp-agile,h-hadd-novelty__s-fixed,hadd-novelty,fixed,changmin_03_books,p000.pddl,solved,true,0,0.213651,72308,25192,,2,3,2.0,2,valid,results/raw/changmin-heuristics-p000-20260912-145532-288189/cases/panino-lnp-agile/h-hadd-novelty__s-fixed/changmin_03_books/p000/plan.val,results/raw/changmin-heuristics-p000-20260912-145532-288189/cases/panino-lnp-agile/h-hadd-novelty__s-fixed/changmin_03_books/p000
panino-lnp-agile,h-hadd-novelty__s-fixed,hadd-novelty,fixed,changmin_04_watering,p000.pddl,solved,true,0,0.215399,71452,28548,,3,4,3.0,3,valid,results/raw/changmin-heuristics-p000-20260912-145532-288189/cases/panino-lnp-agile/h-hadd-novelty__s-fixed/changmin_04_watering/p000/plan.val,results/raw/changmin-heuristics-p000-20260912-145532-288189/cases/panino-lnp-agile/h-hadd-novelty__s-fixed/changmin_04_watering/p000
panino-lnp-agile,h-hadd-novelty__s-fixed,hadd-novelty,fixed,changmin_05_barman,p000.pddl,solved,true,0,0.428359,75596,69344,,3,4,3.0,3,valid,results/raw/changmin-heuristics-p000-20260912-145532-288189/cases/panino-lnp-agile/h-hadd-novelty__s-fixed/changmin_05_barman/p000/plan.val,results/raw/changmin-heuristics-p000-20260912-145532-288189/cases/panino-lnp-agile/h-hadd-novelty__s-fixed/changmin_05_barman/p000
panino-lnp-agile,h-hadd-novelty__s-fixed,hadd-novelty,fixed,changmin_06_assembly,p000.pddl,solved,true,0,0.217804,71672,28660,,6,7,6.0,6,valid,results/raw/changmin-heuristics-p000-20260912-145532-288189/cases/panino-lnp-agile/h-hadd-novelty__s-fixed/changmin_06_assembly/p000/plan.val,results/raw/changmin-heuristics-p000-20260912-145532-288189/cases/panino-lnp-agile/h-hadd-novelty__s-fixed/changmin_06_assembly/p000
pattint-bitwuzla,h-none__s-fixed,none,fixed,changmin_01_blocksworld,p000.pddl,unknown,true,0,0.425114,52248,43964,,,,,,not-run,,results/raw/changmin-heuristics-p000-20260912-145532-288189/cases/pattint-bitwuzla/h-none__s-fixed/changmin_01_blocksworld/p000
pattint-bitwuzla,h-none__s-fixed,none,fixed,changmin_02_logistics,p000.pddl,unknown,true,0,0.427150,53496,53496,,,,,,not-run,,results/raw/changmin-heuristics-p000-20260912-145532-288189/cases/pattint-bitwuzla/h-none__s-fixed/changmin_02_logistics/p000
pattint-bitwuzla,h-none__s-fixed,none,fixed,changmin_03_books,p000.pddl,solved,true,0,0.428084,58516,53728,,2,,,2,valid,results/raw/changmin-heuristics-p000-20260912-145532-288189/cases/pattint-bitwuzla/h-none__s-fixed/changmin_03_books/p000/plan.val,results/raw/changmin-heuristics-p000-20260912-145532-288189/cases/pattint-bitwuzla/h-none__s-fixed/changmin_03_books/p000
pattint-bitwuzla,h-none__s-fixed,none,fixed,changmin_04_watering,p000.pddl,solved,true,0,0.427745,57872,53912,,3,,,3,valid,results/raw/changmin-heuristics-p000-20260912-145532-288189/cases/pattint-bitwuzla/h-none__s-fixed/changmin_04_watering/p000/plan.val,results/raw/changmin-heuristics-p000-20260912-145532-288189/cases/pattint-bitwuzla/h-none__s-fixed/changmin_04_watering/p000
pattint-bitwuzla,h-none__s-fixed,none,fixed,changmin_05_barman,p000.pddl,solved,true,0,0.427723,64928,53732,,3,,,3,valid,results/raw/changmin-heuristics-p000-20260912-145532-288189/cases/pattint-bitwuzla/h-none__s-fixed/changmin_05_barman/p000/plan.val,results/raw/changmin-heuristics-p000-20260912-145532-288189/cases/pattint-bitwuzla/h-none__s-fixed/changmin_05_barman/p000
pattint-bitwuzla,h-none__s-fixed,none,fixed,changmin_06_assembly,p000.pddl,solved,true,0,0.434422,58632,53524,,6,,,6,valid,results/raw/changmin-heuristics-p000-20260912-145532-288189/cases/pattint-bitwuzla/h-none__s-fixed/changmin_06_assembly/p000/plan.val,results/raw/changmin-heuristics-p000-20260912-145532-288189/cases/pattint-bitwuzla/h-none__s-fixed/changmin_06_assembly/p000
patty-ipc2026-agile-1,h-none__s-jair,none,jair,changmin_01_blocksworld,p000.pddl,unknown,true,0,1.072254,152292,150980,,,,,,not-run,,results/raw/changmin-heuristics-p000-20260912-145532-288189/cases/patty-ipc2026-agile-1/h-none__s-jair/changmin_01_blocksworld/p000
patty-ipc2026-agile-1,h-none__s-jair,none,jair,changmin_02_logistics,p000.pddl,unknown,true,0,1.093260,153920,153920,,,,,,not-run,,results/raw/changmin-heuristics-p000-20260912-145532-288189/cases/patty-ipc2026-agile-1/h-none__s-jair/changmin_02_logistics/p000
patty-ipc2026-agile-1,h-none__s-jair,none,jair,changmin_03_books,p000.pddl,solved,true,0,1.077864,186932,172080,,2,,,2,valid,results/raw/changmin-heuristics-p000-20260912-145532-288189/cases/patty-ipc2026-agile-1/h-none__s-jair/changmin_03_books/p000/plan.val,results/raw/changmin-heuristics-p000-20260912-145532-288189/cases/patty-ipc2026-agile-1/h-none__s-jair/changmin_03_books/p000
patty-ipc2026-agile-1,h-none__s-jair,none,jair,changmin_04_watering,p000.pddl,solved,true,0,0.861138,185376,154140,,3,,,3,valid,results/raw/changmin-heuristics-p000-20260912-145532-288189/cases/patty-ipc2026-agile-1/h-none__s-jair/changmin_04_watering/p000/plan.val,results/raw/changmin-heuristics-p000-20260912-145532-288189/cases/patty-ipc2026-agile-1/h-none__s-jair/changmin_04_watering/p000
patty-ipc2026-agile-1,h-none__s-jair,none,jair,changmin_05_barman,p000.pddl,solved,true,0,1.072446,193692,193692,,3,,,3,valid,results/raw/changmin-heuristics-p000-20260912-145532-288189/cases/patty-ipc2026-agile-1/h-none__s-jair/changmin_05_barman/p000/plan.val,results/raw/changmin-heuristics-p000-20260912-145532-288189/cases/patty-ipc2026-agile-1/h-none__s-jair/changmin_05_barman/p000
patty-ipc2026-agile-1,h-none__s-jair,none,jair,changmin_06_assembly,p000.pddl,solved,true,0,1.077386,192024,192024,,6,,,6,valid,results/raw/changmin-heuristics-p000-20260912-145532-288189/cases/patty-ipc2026-agile-1/h-none__s-jair/changmin_06_assembly/p000/plan.val,results/raw/changmin-heuristics-p000-20260912-145532-288189/cases/patty-ipc2026-agile-1/h-none__s-jair/changmin_06_assembly/p000
planforge-ipc2026,h-lmcutnumeric__s-astar,lmcutnumeric,astar,changmin_01_blocksworld,p000.pddl,solved,true,0,1.284518,1060612,1060612,,,2,2.000000,,not-extracted,,results/raw/changmin-heuristics-p000-20260912-145532-288189/cases/planforge-ipc2026/h-lmcutnumeric__s-astar/changmin_01_blocksworld/p000
planforge-ipc2026,h-blind__s-astar,blind,astar,changmin_01_blocksworld,p000.pddl,solved,true,0,0.215580,535836,1556,,,2,2.000000,,not-extracted,,results/raw/changmin-heuristics-p000-20260912-145532-288189/cases/planforge-ipc2026/h-blind__s-astar/changmin_01_blocksworld/p000
planforge-ipc2026,h-ff__s-astar,ff,astar,changmin_01_blocksworld,p000.pddl,solved,true,0,0.217007,535836,101220,,,2,2.000000,,not-extracted,,results/raw/changmin-heuristics-p000-20260912-145532-288189/cases/planforge-ipc2026/h-ff__s-astar/changmin_01_blocksworld/p000
planforge-ipc2026,h-greedy_numeric_pdb__s-astar,greedy_numeric_pdb,astar,changmin_01_blocksworld,p000.pddl,solved,true,0,0.220952,554316,140200,,,2,2.000000,,not-extracted,,results/raw/changmin-heuristics-p000-20260912-145532-288189/cases/planforge-ipc2026/h-greedy_numeric_pdb__s-astar/changmin_01_blocksworld/p000
planforge-ipc2026,h-canonical_numeric_pdb__s-astar,canonical_numeric_pdb,astar,changmin_01_blocksworld,p000.pddl,solved,true,0,0.217046,607716,101216,,,2,2.000000,,not-extracted,,results/raw/changmin-heuristics-p000-20260912-145532-288189/cases/planforge-ipc2026/h-canonical_numeric_pdb__s-astar/changmin_01_blocksworld/p000
planforge-ipc2026,h-domain_abstraction__s-astar,domain_abstraction,astar,changmin_01_blocksworld,p000.pddl,solved,true,0,0.215211,536092,64360,,,2,2.000000,,not-extracted,,results/raw/changmin-heuristics-p000-20260912-145532-288189/cases/planforge-ipc2026/h-domain_abstraction__s-astar/changmin_01_blocksworld/p000
planforge-ipc2026,h-canonical_domain_abstractions__s-astar,canonical_domain_abstractions,astar,changmin_01_blocksworld,p000.pddl,solved,true,0,0.216636,536220,91120,,,2,2.000000,,not-extracted,,results/raw/changmin-heuristics-p000-20260912-145532-288189/cases/planforge-ipc2026/h-canonical_domain_abstractions__s-astar/changmin_01_blocksworld/p000
planforge-ipc2026,h-multi_domain_abstractions__s-astar,multi_domain_abstractions,astar,changmin_01_blocksworld,p000.pddl,solved,true,0,0.219049,536224,119516,,,2,2.000000,,not-extracted,,results/raw/changmin-heuristics-p000-20260912-145532-288189/cases/planforge-ipc2026/h-multi_domain_abstractions__s-astar/changmin_01_blocksworld/p000
planforge-ipc2026,h-scp_online__s-astar,scp_online,astar,changmin_01_blocksworld,p000.pddl,solved,true,0,0.215995,536348,94932,,,2,2.000000,,not-extracted,,results/raw/changmin-heuristics-p000-20260912-145532-288189/cases/planforge-ipc2026/h-scp_online__s-astar/changmin_01_blocksworld/p000
planforge-ipc2026,h-fill_scp__s-astar,fill_scp,astar,changmin_01_blocksworld,p000.pddl,solved,true,0,0.216734,536336,101244,,,2,2.000000,,not-extracted,,results/raw/changmin-heuristics-p000-20260912-145532-288189/cases/planforge-ipc2026/h-fill_scp__s-astar/changmin_01_blocksworld/p000
planforge-ipc2026,h-lmcutnumeric__s-astar,lmcutnumeric,astar,changmin_02_logistics,p000.pddl,solved,true,0,0.432456,897224,897224,,,4,3.000000,,not-extracted,,results/raw/changmin-heuristics-p000-20260912-145532-288189/cases/planforge-ipc2026/h-lmcutnumeric__s-astar/changmin_02_logistics/p000
planforge-ipc2026,h-blind__s-astar,blind,astar,changmin_02_logistics,p000.pddl,solved,true,0,0.216623,537760,95000,,,7,3.000000,,not-extracted,,results/raw/changmin-heuristics-p000-20260912-145532-288189/cases/planforge-ipc2026/h-blind__s-astar/changmin_02_logistics/p000
planforge-ipc2026,h-ff__s-astar,ff,astar,changmin_02_logistics,p000.pddl,solved,true,0,0.216018,538020,1556,,,4,3.000000,,not-extracted,,results/raw/changmin-heuristics-p000-20260912-145532-288189/cases/planforge-ipc2026/h-ff__s-astar/changmin_02_logistics/p000
planforge-ipc2026,h-greedy_numeric_pdb__s-astar,greedy_numeric_pdb,astar,changmin_02_logistics,p000.pddl,solved,true,0,0.433321,1165464,1165464,,,4,3.000000,,not-extracted,,results/raw/changmin-heuristics-p000-20260912-145532-288189/cases/planforge-ipc2026/h-greedy_numeric_pdb__s-astar/changmin_02_logistics/p000
planforge-ipc2026,h-canonical_numeric_pdb__s-astar,canonical_numeric_pdb,astar,changmin_02_logistics,p000.pddl,solved,true,0,0.217998,634216,111444,,,4,3.000000,,not-extracted,,results/raw/changmin-heuristics-p000-20260912-145532-288189/cases/planforge-ipc2026/h-canonical_numeric_pdb__s-astar/changmin_02_logistics/p000
planforge-ipc2026,h-domain_abstraction__s-astar,domain_abstraction,astar,changmin_02_logistics,p000.pddl,solved,true,0,0.217164,538148,101220,,,4,3.000000,,not-extracted,,results/raw/changmin-heuristics-p000-20260912-145532-288189/cases/planforge-ipc2026/h-domain_abstraction__s-astar/changmin_02_logistics/p000
planforge-ipc2026,h-canonical_domain_abstractions__s-astar,canonical_domain_abstractions,astar,changmin_02_logistics,p000.pddl,solved,true,0,0.217366,538264,101064,,,4,3.000000,,not-extracted,,results/raw/changmin-heuristics-p000-20260912-145532-288189/cases/planforge-ipc2026/h-canonical_domain_abstractions__s-astar/changmin_02_logistics/p000
planforge-ipc2026,h-multi_domain_abstractions__s-astar,multi_domain_abstractions,astar,changmin_02_logistics,p000.pddl,solved,true,0,0.220824,538276,136036,,,4,3.000000,,not-extracted,,results/raw/changmin-heuristics-p000-20260912-145532-288189/cases/planforge-ipc2026/h-multi_domain_abstractions__s-astar/changmin_02_logistics/p000
planforge-ipc2026,h-scp_online__s-astar,scp_online,astar,changmin_02_logistics,p000.pddl,solved,true,0,0.215745,538276,80764,,,4,3.000000,,not-extracted,,results/raw/changmin-heuristics-p000-20260912-145532-288189/cases/planforge-ipc2026/h-scp_online__s-astar/changmin_02_logistics/p000
planforge-ipc2026,h-fill_scp__s-astar,fill_scp,astar,changmin_02_logistics,p000.pddl,solved,true,0,0.216877,538404,99100,,,4,3.000000,,not-extracted,,results/raw/changmin-heuristics-p000-20260912-145532-288189/cases/planforge-ipc2026/h-fill_scp__s-astar/changmin_02_logistics/p000
planforge-ipc2026,h-lmcutnumeric__s-astar,lmcutnumeric,astar,changmin_03_books,p000.pddl,solved,true,0,0.217412,538016,103408,,,3,2.000000,,not-extracted,,results/raw/changmin-heuristics-p000-20260912-145532-288189/cases/planforge-ipc2026/h-lmcutnumeric__s-astar/changmin_03_books/p000
planforge-ipc2026,h-blind__s-astar,blind,astar,changmin_03_books,p000.pddl,solved,true,0,0.217373,537892,103192,,,3,2.000000,,not-extracted,,results/raw/changmin-heuristics-p000-20260912-145532-288189/cases/planforge-ipc2026/h-blind__s-astar/changmin_03_books/p000
planforge-ipc2026,h-ff__s-astar,ff,astar,changmin_03_books,p000.pddl,solved,true,0,0.221324,537888,138220,,,3,2.000000,,not-extracted,,results/raw/changmin-heuristics-p000-20260912-145532-288189/cases/planforge-ipc2026/h-ff__s-astar/changmin_03_books/p000
planforge-ipc2026,h-greedy_numeric_pdb__s-astar,greedy_numeric_pdb,astar,changmin_03_books,p000.pddl,solved,true,0,0.213588,566612,68444,,,3,2.000000,,not-extracted,,results/raw/changmin-heuristics-p000-20260912-145532-288189/cases/planforge-ipc2026/h-greedy_numeric_pdb__s-astar/changmin_03_books/p000
planforge-ipc2026,h-canonical_numeric_pdb__s-astar,canonical_numeric_pdb,astar,changmin_03_books,p000.pddl,solved,true,0,0.431405,1237164,1237164,,,3,2.000000,,not-extracted,,results/raw/changmin-heuristics-p000-20260912-145532-288189/cases/planforge-ipc2026/h-canonical_numeric_pdb__s-astar/changmin_03_books/p000
planforge-ipc2026,h-domain_abstraction__s-astar,domain_abstraction,astar,changmin_03_books,p000.pddl,solved,true,0,0.215696,538272,88800,,,3,2.000000,,not-extracted,,results/raw/changmin-heuristics-p000-20260912-145532-288189/cases/planforge-ipc2026/h-domain_abstraction__s-astar/changmin_03_books/p000
planforge-ipc2026,h-canonical_domain_abstractions__s-astar,canonical_domain_abstractions,astar,changmin_03_books,p000.pddl,solved,true,0,0.216789,538276,99312,,,3,2.000000,,not-extracted,,results/raw/changmin-heuristics-p000-20260912-145532-288189/cases/planforge-ipc2026/h-canonical_domain_abstractions__s-astar/changmin_03_books/p000
planforge-ipc2026,h-multi_domain_abstractions__s-astar,multi_domain_abstractions,astar,changmin_03_books,p000.pddl,solved,true,0,0.216180,538264,87028,,,3,2.000000,,not-extracted,,results/raw/changmin-heuristics-p000-20260912-145532-288189/cases/planforge-ipc2026/h-multi_domain_abstractions__s-astar/changmin_03_books/p000
planforge-ipc2026,h-scp_online__s-astar,scp_online,astar,changmin_03_books,p000.pddl,solved,true,0,0.216738,538272,93048,,,3,2.000000,,not-extracted,,results/raw/changmin-heuristics-p000-20260912-145532-288189/cases/planforge-ipc2026/h-scp_online__s-astar/changmin_03_books/p000
planforge-ipc2026,h-fill_scp__s-astar,fill_scp,astar,changmin_03_books,p000.pddl,solved,true,0,0.219268,538404,125856,,,3,2.000000,,not-extracted,,results/raw/changmin-heuristics-p000-20260912-145532-288189/cases/planforge-ipc2026/h-fill_scp__s-astar/changmin_03_books/p000
planforge-ipc2026,h-lmcutnumeric__s-astar,lmcutnumeric,astar,changmin_04_watering,p000.pddl,solved,true,0,0.216736,538012,101224,,,4,3.000000,,not-extracted,,results/raw/changmin-heuristics-p000-20260912-145532-288189/cases/planforge-ipc2026/h-lmcutnumeric__s-astar/changmin_04_watering/p000
planforge-ipc2026,h-blind__s-astar,blind,astar,changmin_04_watering,p000.pddl,solved,true,0,0.216587,537888,103228,,,5,3.000000,,not-extracted,,results/raw/changmin-heuristics-p000-20260912-145532-288189/cases/planforge-ipc2026/h-blind__s-astar/changmin_04_watering/p000
planforge-ipc2026,h-ff__s-astar,ff,astar,changmin_04_watering,p000.pddl,solved,true,0,0.221261,538016,140000,,,4,3.000000,,not-extracted,,results/raw/changmin-heuristics-p000-20260912-145532-288189/cases/planforge-ipc2026/h-ff__s-astar/changmin_04_watering/p000
planforge-ipc2026,h-greedy_numeric_pdb__s-astar,greedy_numeric_pdb,astar,changmin_04_watering,p000.pddl,solved,true,0,0.431223,1171596,1171596,,,4,3.000000,,not-extracted,,results/raw/changmin-heuristics-p000-20260912-145532-288189/cases/planforge-ipc2026/h-greedy_numeric_pdb__s-astar/changmin_04_watering/p000
planforge-ipc2026,h-canonical_numeric_pdb__s-astar,canonical_numeric_pdb,astar,changmin_04_watering,p000.pddl,solved,true,0,0.428742,1163704,1163704,,,5,3.000000,,not-extracted,,results/raw/changmin-heuristics-p000-20260912-145532-288189/cases/planforge-ipc2026/h-canonical_numeric_pdb__s-astar/changmin_04_watering/p000
planforge-ipc2026,h-domain_abstraction__s-astar,domain_abstraction,astar,changmin_04_watering,p000.pddl,solved,true,0,0.216234,538272,91020,,,4,3.000000,,not-extracted,,results/raw/changmin-heuristics-p000-20260912-145532-288189/cases/planforge-ipc2026/h-domain_abstraction__s-astar/changmin_04_watering/p000
planforge-ipc2026,h-canonical_domain_abstractions__s-astar,canonical_domain_abstractions,astar,changmin_04_watering,p000.pddl,solved,true,0,0.217148,538276,99312,,,4,3.000000,,not-extracted,,results/raw/changmin-heuristics-p000-20260912-145532-288189/cases/planforge-ipc2026/h-canonical_domain_abstractions__s-astar/changmin_04_watering/p000
planforge-ipc2026,h-multi_domain_abstractions__s-astar,multi_domain_abstractions,astar,changmin_04_watering,p000.pddl,solved,true,0,0.216717,538264,91052,,,4,3.000000,,not-extracted,,results/raw/changmin-heuristics-p000-20260912-145532-288189/cases/planforge-ipc2026/h-multi_domain_abstractions__s-astar/changmin_04_watering/p000
planforge-ipc2026,h-scp_online__s-astar,scp_online,astar,changmin_04_watering,p000.pddl,solved,true,0,0.216060,538400,95136,,,4,3.000000,,not-extracted,,results/raw/changmin-heuristics-p000-20260912-145532-288189/cases/planforge-ipc2026/h-scp_online__s-astar/changmin_04_watering/p000
planforge-ipc2026,h-fill_scp__s-astar,fill_scp,astar,changmin_04_watering,p000.pddl,solved,true,0,0.220722,538404,133980,,,4,3.000000,,not-extracted,,results/raw/changmin-heuristics-p000-20260912-145532-288189/cases/planforge-ipc2026/h-fill_scp__s-astar/changmin_04_watering/p000
planforge-ipc2026,h-lmcutnumeric__s-astar,lmcutnumeric,astar,changmin_05_barman,p000.pddl,solved,true,0,0.215943,538144,95220,,,5,3.000000,,not-extracted,,results/raw/changmin-heuristics-p000-20260912-145532-288189/cases/planforge-ipc2026/h-lmcutnumeric__s-astar/changmin_05_barman/p000
planforge-ipc2026,h-blind__s-astar,blind,astar,changmin_05_barman,p000.pddl,solved,true,0,0.217143,537764,101084,,,9,3.000000,,not-extracted,,results/raw/changmin-heuristics-p000-20260912-145532-288189/cases/planforge-ipc2026/h-blind__s-astar/changmin_05_barman/p000
planforge-ipc2026,h-ff__s-astar,ff,astar,changmin_05_barman,p000.pddl,solved,true,0,0.223478,538020,138224,,,4,3.000000,,not-extracted,,results/raw/changmin-heuristics-p000-20260912-145532-288189/cases/planforge-ipc2026/h-ff__s-astar/changmin_05_barman/p000
planforge-ipc2026,h-greedy_numeric_pdb__s-astar,greedy_numeric_pdb,astar,changmin_05_barman,p000.pddl,crash,true,1,0.222099,537892,130032,,,,,,not-run,,results/raw/changmin-heuristics-p000-20260912-145532-288189/cases/planforge-ipc2026/h-greedy_numeric_pdb__s-astar/changmin_05_barman/p000
planforge-ipc2026,h-canonical_numeric_pdb__s-astar,canonical_numeric_pdb,astar,changmin_05_barman,p000.pddl,crash,true,1,0.220460,537760,137956,,,,,,not-run,,results/raw/changmin-heuristics-p000-20260912-145532-288189/cases/planforge-ipc2026/h-canonical_numeric_pdb__s-astar/changmin_05_barman/p000
planforge-ipc2026,h-domain_abstraction__s-astar,domain_abstraction,astar,changmin_05_barman,p000.pddl,crash,true,1,0.216290,538020,93028,,,,,,not-run,,results/raw/changmin-heuristics-p000-20260912-145532-288189/cases/planforge-ipc2026/h-domain_abstraction__s-astar/changmin_05_barman/p000
planforge-ipc2026,h-canonical_domain_abstractions__s-astar,canonical_domain_abstractions,astar,changmin_05_barman,p000.pddl,crash,true,1,0.217410,538020,95216,,,,,,not-run,,results/raw/changmin-heuristics-p000-20260912-145532-288189/cases/planforge-ipc2026/h-canonical_domain_abstractions__s-astar/changmin_05_barman/p000
planforge-ipc2026,h-multi_domain_abstractions__s-astar,multi_domain_abstractions,astar,changmin_05_barman,p000.pddl,crash,true,1,0.216811,538020,97148,,,,,,not-run,,results/raw/changmin-heuristics-p000-20260912-145532-288189/cases/planforge-ipc2026/h-multi_domain_abstractions__s-astar/changmin_05_barman/p000
planforge-ipc2026,h-scp_online__s-astar,scp_online,astar,changmin_05_barman,p000.pddl,crash,true,1,0.216638,538016,103336,,,,,,not-run,,results/raw/changmin-heuristics-p000-20260912-145532-288189/cases/planforge-ipc2026/h-scp_online__s-astar/changmin_05_barman/p000
planforge-ipc2026,h-fill_scp__s-astar,fill_scp,astar,changmin_05_barman,p000.pddl,crash,true,1,0.214545,538020,52000,,,,,,not-run,,results/raw/changmin-heuristics-p000-20260912-145532-288189/cases/planforge-ipc2026/h-fill_scp__s-astar/changmin_05_barman/p000
planforge-ipc2026,h-lmcutnumeric__s-astar,lmcutnumeric,astar,changmin_06_assembly,p000.pddl,solved,true,0,0.216181,538144,92888,,,7,6.000000,,not-extracted,,results/raw/changmin-heuristics-p000-20260912-145532-288189/cases/planforge-ipc2026/h-lmcutnumeric__s-astar/changmin_06_assembly/p000
planforge-ipc2026,h-blind__s-astar,blind,astar,changmin_06_assembly,p000.pddl,solved,true,0,0.221403,537892,144100,,,8,6.000000,,not-extracted,,results/raw/changmin-heuristics-p000-20260912-145532-288189/cases/planforge-ipc2026/h-blind__s-astar/changmin_06_assembly/p000
planforge-ipc2026,h-ff__s-astar,ff,astar,changmin_06_assembly,p000.pddl,solved,true,0,0.221812,537888,144224,,,7,6.000000,,not-extracted,,results/raw/changmin-heuristics-p000-20260912-145532-288189/cases/planforge-ipc2026/h-ff__s-astar/changmin_06_assembly/p000
planforge-ipc2026,h-greedy_numeric_pdb__s-astar,greedy_numeric_pdb,astar,changmin_06_assembly,p000.pddl,solved,true,0,0.433264,624092,134028,,,8,6.000000,,not-extracted,,results/raw/changmin-heuristics-p000-20260912-145532-288189/cases/planforge-ipc2026/h-greedy_numeric_pdb__s-astar/changmin_06_assembly/p000
planforge-ipc2026,h-canonical_numeric_pdb__s-astar,canonical_numeric_pdb,astar,changmin_06_assembly,p000.pddl,solved,true,0,0.431492,798200,533552,,,8,6.000000,,not-extracted,,results/raw/changmin-heuristics-p000-20260912-145532-288189/cases/planforge-ipc2026/h-canonical_numeric_pdb__s-astar/changmin_06_assembly/p000
planforge-ipc2026,h-domain_abstraction__s-astar,domain_abstraction,astar,changmin_06_assembly,p000.pddl,solved,true,0,0.216090,538276,87024,,,7,6.000000,,not-extracted,,results/raw/changmin-heuristics-p000-20260912-145532-288189/cases/planforge-ipc2026/h-domain_abstraction__s-astar/changmin_06_assembly/p000
planforge-ipc2026,h-canonical_domain_abstractions__s-astar,canonical_domain_abstractions,astar,changmin_06_assembly,p000.pddl,solved,true,0,0.217083,538272,101264,,,7,6.000000,,not-extracted,,results/raw/changmin-heuristics-p000-20260912-145532-288189/cases/planforge-ipc2026/h-canonical_domain_abstractions__s-astar/changmin_06_assembly/p000
planforge-ipc2026,h-multi_domain_abstractions__s-astar,multi_domain_abstractions,astar,changmin_06_assembly,p000.pddl,solved,true,0,0.216570,538148,93052,,,7,6.000000,,not-extracted,,results/raw/changmin-heuristics-p000-20260912-145532-288189/cases/planforge-ipc2026/h-multi_domain_abstractions__s-astar/changmin_06_assembly/p000
planforge-ipc2026,h-scp_online__s-astar,scp_online,astar,changmin_06_assembly,p000.pddl,solved,true,0,0.216212,538272,97272,,,7,6.000000,,not-extracted,,results/raw/changmin-heuristics-p000-20260912-145532-288189/cases/planforge-ipc2026/h-scp_online__s-astar/changmin_06_assembly/p000
planforge-ipc2026,h-fill_scp__s-astar,fill_scp,astar,changmin_06_assembly,p000.pddl,solved,true,0,0.219043,538404,121688,,,7,6.000000,,not-extracted,,results/raw/changmin-heuristics-p000-20260912-145532-288189/cases/planforge-ipc2026/h-fill_scp__s-astar/changmin_06_assembly/p000
popf-static-v2,h-rpg__s-default,rpg,default,changmin_01_blocksworld,p000.pddl,solved,true,0,0.213262,6116,6116,,1,,1.000,1,valid,results/raw/changmin-heuristics-p000-20260912-145532-288189/cases/popf-static-v2/h-rpg__s-default/changmin_01_blocksworld/p000/plan.val,results/raw/changmin-heuristics-p000-20260912-145532-288189/cases/popf-static-v2/h-rpg__s-default/changmin_01_blocksworld/p000
popf-static-v2,h-rpg__s-default,rpg,default,changmin_02_logistics,p000.pddl,solved,true,timeout,120.170525,330264,330264,timeout,3,,,3,valid,results/raw/changmin-heuristics-p000-20260912-145532-288189/cases/popf-static-v2/h-rpg__s-default/changmin_02_logistics/p000/plan.val,results/raw/changmin-heuristics-p000-20260912-145532-288189/cases/popf-static-v2/h-rpg__s-default/changmin_02_logistics/p000
popf-static-v2,h-rpg__s-default,rpg,default,changmin_03_books,p000.pddl,solved,true,0,0.218892,5632,0,,2,,2.000,2,valid,results/raw/changmin-heuristics-p000-20260912-145532-288189/cases/popf-static-v2/h-rpg__s-default/changmin_03_books/p000/plan.val,results/raw/changmin-heuristics-p000-20260912-145532-288189/cases/popf-static-v2/h-rpg__s-default/changmin_03_books/p000
popf-static-v2,h-rpg__s-default,rpg,default,changmin_04_watering,p000.pddl,timeout,true,timeout,120.065379,200984,200984,timeout,,,,,not-run,,results/raw/changmin-heuristics-p000-20260912-145532-288189/cases/popf-static-v2/h-rpg__s-default/changmin_04_watering/p000
popf-static-v2,h-rpg__s-default,rpg,default,changmin_05_barman,p000.pddl,unsolved,true,1,0.223187,5376,0,,,,,,not-run,,results/raw/changmin-heuristics-p000-20260912-145532-288189/cases/popf-static-v2/h-rpg__s-default/changmin_05_barman/p000
popf-static-v2,h-rpg__s-default,rpg,default,changmin_06_assembly,p000.pddl,unsolved,true,1,0.213588,5248,0,,,,,,not-run,,results/raw/changmin-heuristics-p000-20260912-145532-288189/cases/popf-static-v2/h-rpg__s-default/changmin_06_assembly/p000
tamerlite-ipc2026-agile-1,h-hadd__s-gbfs,hadd,gbfs,changmin_01_blocksworld,p000.pddl,solved,true,0,0.429365,144440,47480,,1,,,1,valid,results/raw/changmin-heuristics-p000-20260912-145532-288189/cases/tamerlite-ipc2026-agile-1/h-hadd__s-gbfs/changmin_01_blocksworld/p000/plan.val,results/raw/changmin-heuristics-p000-20260912-145532-288189/cases/tamerlite-ipc2026-agile-1/h-hadd__s-gbfs/changmin_01_blocksworld/p000
tamerlite-ipc2026-agile-1,h-hff__s-gbfs,hff,gbfs,changmin_01_blocksworld,p000.pddl,solved,true,0,0.424981,144432,47980,,1,,,1,valid,results/raw/changmin-heuristics-p000-20260912-145532-288189/cases/tamerlite-ipc2026-agile-1/h-hff__s-gbfs/changmin_01_blocksworld/p000/plan.val,results/raw/changmin-heuristics-p000-20260912-145532-288189/cases/tamerlite-ipc2026-agile-1/h-hff__s-gbfs/changmin_01_blocksworld/p000
tamerlite-ipc2026-agile-1,h-hmax__s-gbfs,hmax,gbfs,changmin_01_blocksworld,p000.pddl,solved,true,0,0.424383,144444,47848,,1,,,1,valid,results/raw/changmin-heuristics-p000-20260912-145532-288189/cases/tamerlite-ipc2026-agile-1/h-hmax__s-gbfs/changmin_01_blocksworld/p000/plan.val,results/raw/changmin-heuristics-p000-20260912-145532-288189/cases/tamerlite-ipc2026-agile-1/h-hmax__s-gbfs/changmin_01_blocksworld/p000
tamerlite-ipc2026-agile-1,h-hmax_explicit__s-gbfs,hmax_explicit,gbfs,changmin_01_blocksworld,p000.pddl,solved,true,0,0.425138,144308,47496,,1,,,1,valid,results/raw/changmin-heuristics-p000-20260912-145532-288189/cases/tamerlite-ipc2026-agile-1/h-hmax_explicit__s-gbfs/changmin_01_blocksworld/p000/plan.val,results/raw/changmin-heuristics-p000-20260912-145532-288189/cases/tamerlite-ipc2026-agile-1/h-hmax_explicit__s-gbfs/changmin_01_blocksworld/p000
tamerlite-ipc2026-agile-1,h-blind__s-gbfs,blind,gbfs,changmin_01_blocksworld,p000.pddl,solved,true,0,0.429681,144432,47420,,1,,,1,valid,results/raw/changmin-heuristics-p000-20260912-145532-288189/cases/tamerlite-ipc2026-agile-1/h-blind__s-gbfs/changmin_01_blocksworld/p000/plan.val,results/raw/changmin-heuristics-p000-20260912-145532-288189/cases/tamerlite-ipc2026-agile-1/h-blind__s-gbfs/changmin_01_blocksworld/p000
tamerlite-ipc2026-agile-1,h-hadd_no_numbers__s-gbfs,hadd_no_numbers,gbfs,changmin_01_blocksworld,p000.pddl,solved,true,0,0.426854,144440,47644,,1,,,1,valid,results/raw/changmin-heuristics-p000-20260912-145532-288189/cases/tamerlite-ipc2026-agile-1/h-hadd_no_numbers__s-gbfs/changmin_01_blocksworld/p000/plan.val,results/raw/changmin-heuristics-p000-20260912-145532-288189/cases/tamerlite-ipc2026-agile-1/h-hadd_no_numbers__s-gbfs/changmin_01_blocksworld/p000
tamerlite-ipc2026-agile-1,h-hff_no_numbers__s-gbfs,hff_no_numbers,gbfs,changmin_01_blocksworld,p000.pddl,solved,true,0,0.426922,144424,47660,,1,,,1,valid,results/raw/changmin-heuristics-p000-20260912-145532-288189/cases/tamerlite-ipc2026-agile-1/h-hff_no_numbers__s-gbfs/changmin_01_blocksworld/p000/plan.val,results/raw/changmin-heuristics-p000-20260912-145532-288189/cases/tamerlite-ipc2026-agile-1/h-hff_no_numbers__s-gbfs/changmin_01_blocksworld/p000
tamerlite-ipc2026-agile-1,h-hmax_no_numbers__s-gbfs,hmax_no_numbers,gbfs,changmin_01_blocksworld,p000.pddl,solved,true,0,0.427417,144436,47640,,1,,,1,valid,results/raw/changmin-heuristics-p000-20260912-145532-288189/cases/tamerlite-ipc2026-agile-1/h-hmax_no_numbers__s-gbfs/changmin_01_blocksworld/p000/plan.val,results/raw/changmin-heuristics-p000-20260912-145532-288189/cases/tamerlite-ipc2026-agile-1/h-hmax_no_numbers__s-gbfs/changmin_01_blocksworld/p000
tamerlite-ipc2026-agile-1,h-hadd__s-gbfs,hadd,gbfs,changmin_02_logistics,p000.pddl,solved,true,0,0.641946,147928,147928,,3,,,3,valid,results/raw/changmin-heuristics-p000-20260912-145532-288189/cases/tamerlite-ipc2026-agile-1/h-hadd__s-gbfs/changmin_02_logistics/p000/plan.val,results/raw/changmin-heuristics-p000-20260912-145532-288189/cases/tamerlite-ipc2026-agile-1/h-hadd__s-gbfs/changmin_02_logistics/p000
tamerlite-ipc2026-agile-1,h-hff__s-gbfs,hff,gbfs,changmin_02_logistics,p000.pddl,solved,true,0,0.641706,147984,147984,,3,,,3,valid,results/raw/changmin-heuristics-p000-20260912-145532-288189/cases/tamerlite-ipc2026-agile-1/h-hff__s-gbfs/changmin_02_logistics/p000/plan.val,results/raw/changmin-heuristics-p000-20260912-145532-288189/cases/tamerlite-ipc2026-agile-1/h-hff__s-gbfs/changmin_02_logistics/p000
tamerlite-ipc2026-agile-1,h-hmax__s-gbfs,hmax,gbfs,changmin_02_logistics,p000.pddl,solved,true,0,0.641445,146368,54436,,3,,,3,valid,results/raw/changmin-heuristics-p000-20260912-145532-288189/cases/tamerlite-ipc2026-agile-1/h-hmax__s-gbfs/changmin_02_logistics/p000/plan.val,results/raw/changmin-heuristics-p000-20260912-145532-288189/cases/tamerlite-ipc2026-agile-1/h-hmax__s-gbfs/changmin_02_logistics/p000
tamerlite-ipc2026-agile-1,h-hmax_explicit__s-gbfs,hmax_explicit,gbfs,changmin_02_logistics,p000.pddl,solved,true,0,0.642385,146352,136292,,3,,,3,valid,results/raw/changmin-heuristics-p000-20260912-145532-288189/cases/tamerlite-ipc2026-agile-1/h-hmax_explicit__s-gbfs/changmin_02_logistics/p000/plan.val,results/raw/changmin-heuristics-p000-20260912-145532-288189/cases/tamerlite-ipc2026-agile-1/h-hmax_explicit__s-gbfs/changmin_02_logistics/p000
tamerlite-ipc2026-agile-1,h-blind__s-gbfs,blind,gbfs,changmin_02_logistics,p000.pddl,solved,true,0,0.641362,146236,123964,,3,,,3,valid,results/raw/changmin-heuristics-p000-20260912-145532-288189/cases/tamerlite-ipc2026-agile-1/h-blind__s-gbfs/changmin_02_logistics/p000/plan.val,results/raw/changmin-heuristics-p000-20260912-145532-288189/cases/tamerlite-ipc2026-agile-1/h-blind__s-gbfs/changmin_02_logistics/p000
tamerlite-ipc2026-agile-1,h-hadd_no_numbers__s-gbfs,hadd_no_numbers,gbfs,changmin_02_logistics,p000.pddl,solved,true,0,0.638686,146360,118056,,3,,,3,valid,results/raw/changmin-heuristics-p000-20260912-145532-288189/cases/tamerlite-ipc2026-agile-1/h-hadd_no_numbers__s-gbfs/changmin_02_logistics/p000/plan.val,results/raw/changmin-heuristics-p000-20260912-145532-288189/cases/tamerlite-ipc2026-agile-1/h-hadd_no_numbers__s-gbfs/changmin_02_logistics/p000
tamerlite-ipc2026-agile-1,h-hff_no_numbers__s-gbfs,hff_no_numbers,gbfs,changmin_02_logistics,p000.pddl,solved,true,0,0.642868,146220,112768,,3,,,3,valid,results/raw/changmin-heuristics-p000-20260912-145532-288189/cases/tamerlite-ipc2026-agile-1/h-hff_no_numbers__s-gbfs/changmin_02_logistics/p000/plan.val,results/raw/changmin-heuristics-p000-20260912-145532-288189/cases/tamerlite-ipc2026-agile-1/h-hff_no_numbers__s-gbfs/changmin_02_logistics/p000
tamerlite-ipc2026-agile-1,h-hmax_no_numbers__s-gbfs,hmax_no_numbers,gbfs,changmin_02_logistics,p000.pddl,solved,true,0,0.640617,146228,127872,,3,,,3,valid,results/raw/changmin-heuristics-p000-20260912-145532-288189/cases/tamerlite-ipc2026-agile-1/h-hmax_no_numbers__s-gbfs/changmin_02_logistics/p000/plan.val,results/raw/changmin-heuristics-p000-20260912-145532-288189/cases/tamerlite-ipc2026-agile-1/h-hmax_no_numbers__s-gbfs/changmin_02_logistics/p000
tamerlite-ipc2026-agile-1,h-hadd__s-gbfs,hadd,gbfs,changmin_03_books,p000.pddl,solved,true,0,0.641035,146744,134480,,2,,,2,valid,results/raw/changmin-heuristics-p000-20260912-145532-288189/cases/tamerlite-ipc2026-agile-1/h-hadd__s-gbfs/changmin_03_books/p000/plan.val,results/raw/changmin-heuristics-p000-20260912-145532-288189/cases/tamerlite-ipc2026-agile-1/h-hadd__s-gbfs/changmin_03_books/p000
tamerlite-ipc2026-agile-1,h-hff__s-gbfs,hff,gbfs,changmin_03_books,p000.pddl,solved,true,0,0.638321,146740,136640,,2,,,2,valid,results/raw/changmin-heuristics-p000-20260912-145532-288189/cases/tamerlite-ipc2026-agile-1/h-hff__s-gbfs/changmin_03_books/p000/plan.val,results/raw/changmin-heuristics-p000-20260912-145532-288189/cases/tamerlite-ipc2026-agile-1/h-hff__s-gbfs/changmin_03_books/p000
tamerlite-ipc2026-agile-1,h-hmax__s-gbfs,hmax,gbfs,changmin_03_books,p000.pddl,solved,true,0,0.641199,146756,120900,,2,,,2,valid,results/raw/changmin-heuristics-p000-20260912-145532-288189/cases/tamerlite-ipc2026-agile-1/h-hmax__s-gbfs/changmin_03_books/p000/plan.val,results/raw/changmin-heuristics-p000-20260912-145532-288189/cases/tamerlite-ipc2026-agile-1/h-hmax__s-gbfs/changmin_03_books/p000
tamerlite-ipc2026-agile-1,h-hmax_explicit__s-gbfs,hmax_explicit,gbfs,changmin_03_books,p000.pddl,solved,true,0,0.640641,146868,143304,,2,,,2,valid,results/raw/changmin-heuristics-p000-20260912-145532-288189/cases/tamerlite-ipc2026-agile-1/h-hmax_explicit__s-gbfs/changmin_03_books/p000/plan.val,results/raw/changmin-heuristics-p000-20260912-145532-288189/cases/tamerlite-ipc2026-agile-1/h-hmax_explicit__s-gbfs/changmin_03_books/p000
tamerlite-ipc2026-agile-1,h-blind__s-gbfs,blind,gbfs,changmin_03_books,p000.pddl,solved,true,0,0.644721,146748,93024,,2,,,2,valid,results/raw/changmin-heuristics-p000-20260912-145532-288189/cases/tamerlite-ipc2026-agile-1/h-blind__s-gbfs/changmin_03_books/p000/plan.val,results/raw/changmin-heuristics-p000-20260912-145532-288189/cases/tamerlite-ipc2026-agile-1/h-blind__s-gbfs/changmin_03_books/p000
tamerlite-ipc2026-agile-1,h-hadd_no_numbers__s-gbfs,hadd_no_numbers,gbfs,changmin_03_books,p000.pddl,solved,true,0,0.642725,146736,80436,,2,,,2,valid,results/raw/changmin-heuristics-p000-20260912-145532-288189/cases/tamerlite-ipc2026-agile-1/h-hadd_no_numbers__s-gbfs/changmin_03_books/p000/plan.val,results/raw/changmin-heuristics-p000-20260912-145532-288189/cases/tamerlite-ipc2026-agile-1/h-hadd_no_numbers__s-gbfs/changmin_03_books/p000
tamerlite-ipc2026-agile-1,h-hff_no_numbers__s-gbfs,hff_no_numbers,gbfs,changmin_03_books,p000.pddl,solved,true,0,0.639947,146740,112288,,2,,,2,valid,results/raw/changmin-heuristics-p000-20260912-145532-288189/cases/tamerlite-ipc2026-agile-1/h-hff_no_numbers__s-gbfs/changmin_03_books/p000/plan.val,results/raw/changmin-heuristics-p000-20260912-145532-288189/cases/tamerlite-ipc2026-agile-1/h-hff_no_numbers__s-gbfs/changmin_03_books/p000
tamerlite-ipc2026-agile-1,h-hmax_no_numbers__s-gbfs,hmax_no_numbers,gbfs,changmin_03_books,p000.pddl,solved,true,0,0.640167,146740,133768,,2,,,2,valid,results/raw/changmin-heuristics-p000-20260912-145532-288189/cases/tamerlite-ipc2026-agile-1/h-hmax_no_numbers__s-gbfs/changmin_03_books/p000/plan.val,results/raw/changmin-heuristics-p000-20260912-145532-288189/cases/tamerlite-ipc2026-agile-1/h-hmax_no_numbers__s-gbfs/changmin_03_books/p000
tamerlite-ipc2026-agile-1,h-hadd__s-gbfs,hadd,gbfs,changmin_04_watering,p000.pddl,solved,true,0,0.638170,145868,48024,,3,,,3,valid,results/raw/changmin-heuristics-p000-20260912-145532-288189/cases/tamerlite-ipc2026-agile-1/h-hadd__s-gbfs/changmin_04_watering/p000/plan.val,results/raw/changmin-heuristics-p000-20260912-145532-288189/cases/tamerlite-ipc2026-agile-1/h-hadd__s-gbfs/changmin_04_watering/p000
tamerlite-ipc2026-agile-1,h-hff__s-gbfs,hff,gbfs,changmin_04_watering,p000.pddl,solved,true,0,0.426482,145852,48616,,3,,,3,valid,results/raw/changmin-heuristics-p000-20260912-145532-288189/cases/tamerlite-ipc2026-agile-1/h-hff__s-gbfs/changmin_04_watering/p000/plan.val,results/raw/changmin-heuristics-p000-20260912-145532-288189/cases/tamerlite-ipc2026-agile-1/h-hff__s-gbfs/changmin_04_watering/p000
tamerlite-ipc2026-agile-1,h-hmax__s-gbfs,hmax,gbfs,changmin_04_watering,p000.pddl,solved,true,0,0.644335,145812,48716,,3,,,3,valid,results/raw/changmin-heuristics-p000-20260912-145532-288189/cases/tamerlite-ipc2026-agile-1/h-hmax__s-gbfs/changmin_04_watering/p000/plan.val,results/raw/changmin-heuristics-p000-20260912-145532-288189/cases/tamerlite-ipc2026-agile-1/h-hmax__s-gbfs/changmin_04_watering/p000
tamerlite-ipc2026-agile-1,h-hmax_explicit__s-gbfs,hmax_explicit,gbfs,changmin_04_watering,p000.pddl,solved,true,0,0.426256,145980,49160,,3,,,3,valid,results/raw/changmin-heuristics-p000-20260912-145532-288189/cases/tamerlite-ipc2026-agile-1/h-hmax_explicit__s-gbfs/changmin_04_watering/p000/plan.val,results/raw/changmin-heuristics-p000-20260912-145532-288189/cases/tamerlite-ipc2026-agile-1/h-hmax_explicit__s-gbfs/changmin_04_watering/p000
tamerlite-ipc2026-agile-1,h-blind__s-gbfs,blind,gbfs,changmin_04_watering,p000.pddl,solved,true,0,0.427260,145840,48548,,3,,,3,valid,results/raw/changmin-heuristics-p000-20260912-145532-288189/cases/tamerlite-ipc2026-agile-1/h-blind__s-gbfs/changmin_04_watering/p000/plan.val,results/raw/changmin-heuristics-p000-20260912-145532-288189/cases/tamerlite-ipc2026-agile-1/h-blind__s-gbfs/changmin_04_watering/p000
tamerlite-ipc2026-agile-1,h-hadd_no_numbers__s-gbfs,hadd_no_numbers,gbfs,changmin_04_watering,p000.pddl,solved,true,0,0.641374,145848,47688,,3,,,3,valid,results/raw/changmin-heuristics-p000-20260912-145532-288189/cases/tamerlite-ipc2026-agile-1/h-hadd_no_numbers__s-gbfs/changmin_04_watering/p000/plan.val,results/raw/changmin-heuristics-p000-20260912-145532-288189/cases/tamerlite-ipc2026-agile-1/h-hadd_no_numbers__s-gbfs/changmin_04_watering/p000
tamerlite-ipc2026-agile-1,h-hff_no_numbers__s-gbfs,hff_no_numbers,gbfs,changmin_04_watering,p000.pddl,solved,true,0,0.640328,145840,47908,,3,,,3,valid,results/raw/changmin-heuristics-p000-20260912-145532-288189/cases/tamerlite-ipc2026-agile-1/h-hff_no_numbers__s-gbfs/changmin_04_watering/p000/plan.val,results/raw/changmin-heuristics-p000-20260912-145532-288189/cases/tamerlite-ipc2026-agile-1/h-hff_no_numbers__s-gbfs/changmin_04_watering/p000
tamerlite-ipc2026-agile-1,h-hmax_no_numbers__s-gbfs,hmax_no_numbers,gbfs,changmin_04_watering,p000.pddl,solved,true,0,0.642948,145712,53888,,3,,,3,valid,results/raw/changmin-heuristics-p000-20260912-145532-288189/cases/tamerlite-ipc2026-agile-1/h-hmax_no_numbers__s-gbfs/changmin_04_watering/p000/plan.val,results/raw/changmin-heuristics-p000-20260912-145532-288189/cases/tamerlite-ipc2026-agile-1/h-hmax_no_numbers__s-gbfs/changmin_04_watering/p000
tamerlite-ipc2026-agile-1,h-hadd__s-gbfs,hadd,gbfs,changmin_05_barman,p000.pddl,solved,true,0,0.643361,147132,54884,,3,,,3,valid,results/raw/changmin-heuristics-p000-20260912-145532-288189/cases/tamerlite-ipc2026-agile-1/h-hadd__s-gbfs/changmin_05_barman/p000/plan.val,results/raw/changmin-heuristics-p000-20260912-145532-288189/cases/tamerlite-ipc2026-agile-1/h-hadd__s-gbfs/changmin_05_barman/p000
tamerlite-ipc2026-agile-1,h-hff__s-gbfs,hff,gbfs,changmin_05_barman,p000.pddl,solved,true,0,0.639702,146880,54860,,3,,,3,valid,results/raw/changmin-heuristics-p000-20260912-145532-288189/cases/tamerlite-ipc2026-agile-1/h-hff__s-gbfs/changmin_05_barman/p000/plan.val,results/raw/changmin-heuristics-p000-20260912-145532-288189/cases/tamerlite-ipc2026-agile-1/h-hff__s-gbfs/changmin_05_barman/p000
tamerlite-ipc2026-agile-1,h-hmax__s-gbfs,hmax,gbfs,changmin_05_barman,p000.pddl,solved,true,0,0.641630,147008,54816,,3,,,3,valid,results/raw/changmin-heuristics-p000-20260912-145532-288189/cases/tamerlite-ipc2026-agile-1/h-hmax__s-gbfs/changmin_05_barman/p000/plan.val,results/raw/changmin-heuristics-p000-20260912-145532-288189/cases/tamerlite-ipc2026-agile-1/h-hmax__s-gbfs/changmin_05_barman/p000
tamerlite-ipc2026-agile-1,h-hmax_explicit__s-gbfs,hmax_explicit,gbfs,changmin_05_barman,p000.pddl,timeout,true,timeout,120.108605,149224,149224,timeout,,,,,not-run,,results/raw/changmin-heuristics-p000-20260912-145532-288189/cases/tamerlite-ipc2026-agile-1/h-hmax_explicit__s-gbfs/changmin_05_barman/p000
tamerlite-ipc2026-agile-1,h-blind__s-gbfs,blind,gbfs,changmin_05_barman,p000.pddl,solved,true,0,0.637051,147000,54784,,3,,,3,valid,results/raw/changmin-heuristics-p000-20260912-145532-288189/cases/tamerlite-ipc2026-agile-1/h-blind__s-gbfs/changmin_05_barman/p000/plan.val,results/raw/changmin-heuristics-p000-20260912-145532-288189/cases/tamerlite-ipc2026-agile-1/h-blind__s-gbfs/changmin_05_barman/p000
tamerlite-ipc2026-agile-1,h-hadd_no_numbers__s-gbfs,hadd_no_numbers,gbfs,changmin_05_barman,p000.pddl,solved,true,0,0.642503,147244,54924,,3,,,3,valid,results/raw/changmin-heuristics-p000-20260912-145532-288189/cases/tamerlite-ipc2026-agile-1/h-hadd_no_numbers__s-gbfs/changmin_05_barman/p000/plan.val,results/raw/changmin-heuristics-p000-20260912-145532-288189/cases/tamerlite-ipc2026-agile-1/h-hadd_no_numbers__s-gbfs/changmin_05_barman/p000
tamerlite-ipc2026-agile-1,h-hff_no_numbers__s-gbfs,hff_no_numbers,gbfs,changmin_05_barman,p000.pddl,solved,true,0,0.639920,146888,54772,,3,,,3,valid,results/raw/changmin-heuristics-p000-20260912-145532-288189/cases/tamerlite-ipc2026-agile-1/h-hff_no_numbers__s-gbfs/changmin_05_barman/p000/plan.val,results/raw/changmin-heuristics-p000-20260912-145532-288189/cases/tamerlite-ipc2026-agile-1/h-hff_no_numbers__s-gbfs/changmin_05_barman/p000
tamerlite-ipc2026-agile-1,h-hmax_no_numbers__s-gbfs,hmax_no_numbers,gbfs,changmin_05_barman,p000.pddl,solved,true,0,0.638528,147004,54712,,3,,,3,valid,results/raw/changmin-heuristics-p000-20260912-145532-288189/cases/tamerlite-ipc2026-agile-1/h-hmax_no_numbers__s-gbfs/changmin_05_barman/p000/plan.val,results/raw/changmin-heuristics-p000-20260912-145532-288189/cases/tamerlite-ipc2026-agile-1/h-hmax_no_numbers__s-gbfs/changmin_05_barman/p000
tamerlite-ipc2026-agile-1,h-hadd__s-gbfs,hadd,gbfs,changmin_06_assembly,p000.pddl,solved,true,0,0.427177,145344,49032,,6,,,6,valid,results/raw/changmin-heuristics-p000-20260912-145532-288189/cases/tamerlite-ipc2026-agile-1/h-hadd__s-gbfs/changmin_06_assembly/p000/plan.val,results/raw/changmin-heuristics-p000-20260912-145532-288189/cases/tamerlite-ipc2026-agile-1/h-hadd__s-gbfs/changmin_06_assembly/p000
tamerlite-ipc2026-agile-1,h-hff__s-gbfs,hff,gbfs,changmin_06_assembly,p000.pddl,solved,true,0,0.426484,145344,47880,,6,,,6,valid,results/raw/changmin-heuristics-p000-20260912-145532-288189/cases/tamerlite-ipc2026-agile-1/h-hff__s-gbfs/changmin_06_assembly/p000/plan.val,results/raw/changmin-heuristics-p000-20260912-145532-288189/cases/tamerlite-ipc2026-agile-1/h-hff__s-gbfs/changmin_06_assembly/p000
tamerlite-ipc2026-agile-1,h-hmax__s-gbfs,hmax,gbfs,changmin_06_assembly,p000.pddl,solved,true,0,0.426576,145332,48408,,6,,,6,valid,results/raw/changmin-heuristics-p000-20260912-145532-288189/cases/tamerlite-ipc2026-agile-1/h-hmax__s-gbfs/changmin_06_assembly/p000/plan.val,results/raw/changmin-heuristics-p000-20260912-145532-288189/cases/tamerlite-ipc2026-agile-1/h-hmax__s-gbfs/changmin_06_assembly/p000
tamerlite-ipc2026-agile-1,h-hmax_explicit__s-gbfs,hmax_explicit,gbfs,changmin_06_assembly,p000.pddl,solved,true,0,0.430605,145328,47728,,6,,,6,valid,results/raw/changmin-heuristics-p000-20260912-145532-288189/cases/tamerlite-ipc2026-agile-1/h-hmax_explicit__s-gbfs/changmin_06_assembly/p000/plan.val,results/raw/changmin-heuristics-p000-20260912-145532-288189/cases/tamerlite-ipc2026-agile-1/h-hmax_explicit__s-gbfs/changmin_06_assembly/p000
tamerlite-ipc2026-agile-1,h-blind__s-gbfs,blind,gbfs,changmin_06_assembly,p000.pddl,solved,true,0,0.423461,145336,48216,,6,,,6,valid,results/raw/changmin-heuristics-p000-20260912-145532-288189/cases/tamerlite-ipc2026-agile-1/h-blind__s-gbfs/changmin_06_assembly/p000/plan.val,results/raw/changmin-heuristics-p000-20260912-145532-288189/cases/tamerlite-ipc2026-agile-1/h-blind__s-gbfs/changmin_06_assembly/p000
tamerlite-ipc2026-agile-1,h-hadd_no_numbers__s-gbfs,hadd_no_numbers,gbfs,changmin_06_assembly,p000.pddl,solved,true,0,0.640505,145328,47572,,6,,,6,valid,results/raw/changmin-heuristics-p000-20260912-145532-288189/cases/tamerlite-ipc2026-agile-1/h-hadd_no_numbers__s-gbfs/changmin_06_assembly/p000/plan.val,results/raw/changmin-heuristics-p000-20260912-145532-288189/cases/tamerlite-ipc2026-agile-1/h-hadd_no_numbers__s-gbfs/changmin_06_assembly/p000
tamerlite-ipc2026-agile-1,h-hff_no_numbers__s-gbfs,hff_no_numbers,gbfs,changmin_06_assembly,p000.pddl,solved,true,0,0.641380,145336,47584,,6,,,6,valid,results/raw/changmin-heuristics-p000-20260912-145532-288189/cases/tamerlite-ipc2026-agile-1/h-hff_no_numbers__s-gbfs/changmin_06_assembly/p000/plan.val,results/raw/changmin-heuristics-p000-20260912-145532-288189/cases/tamerlite-ipc2026-agile-1/h-hff_no_numbers__s-gbfs/changmin_06_assembly/p000
tamerlite-ipc2026-agile-1,h-hmax_no_numbers__s-gbfs,hmax_no_numbers,gbfs,changmin_06_assembly,p000.pddl,solved,true,0,0.432270,145336,49264,,6,,,6,valid,results/raw/changmin-heuristics-p000-20260912-145532-288189/cases/tamerlite-ipc2026-agile-1/h-hmax_no_numbers__s-gbfs/changmin_06_assembly/p000/plan.val,results/raw/changmin-heuristics-p000-20260912-145532-288189/cases/tamerlite-ipc2026-agile-1/h-hmax_no_numbers__s-gbfs/changmin_06_assembly/p000
tempest-numeric-ipc2026,h-numeric-hff__s-fixed,numeric-hff,fixed,changmin_01_blocksworld,p000.pddl,solved,true,0,0.213957,4480,0,,1,,,1,valid,results/raw/changmin-heuristics-p000-20260912-145532-288189/cases/tempest-numeric-ipc2026/h-numeric-hff__s-fixed/changmin_01_blocksworld/p000/plan.val,results/raw/changmin-heuristics-p000-20260912-145532-288189/cases/tempest-numeric-ipc2026/h-numeric-hff__s-fixed/changmin_01_blocksworld/p000
tempest-numeric-ipc2026,h-numeric-hff__s-fixed,numeric-hff,fixed,changmin_02_logistics,p000.pddl,solved,true,0,0.216071,7000,7000,,3,,,3,valid,results/raw/changmin-heuristics-p000-20260912-145532-288189/cases/tempest-numeric-ipc2026/h-numeric-hff__s-fixed/changmin_02_logistics/p000/plan.val,results/raw/changmin-heuristics-p000-20260912-145532-288189/cases/tempest-numeric-ipc2026/h-numeric-hff__s-fixed/changmin_02_logistics/p000
tempest-numeric-ipc2026,h-numeric-hff__s-fixed,numeric-hff,fixed,changmin_03_books,p000.pddl,solved,true,0,0.216661,5120,0,,2,,,2,valid,results/raw/changmin-heuristics-p000-20260912-145532-288189/cases/tempest-numeric-ipc2026/h-numeric-hff__s-fixed/changmin_03_books/p000/plan.val,results/raw/changmin-heuristics-p000-20260912-145532-288189/cases/tempest-numeric-ipc2026/h-numeric-hff__s-fixed/changmin_03_books/p000
tempest-numeric-ipc2026,h-numeric-hff__s-fixed,numeric-hff,fixed,changmin_04_watering,p000.pddl,solved,true,0,0.215745,4608,0,,3,,,3,valid,results/raw/changmin-heuristics-p000-20260912-145532-288189/cases/tempest-numeric-ipc2026/h-numeric-hff__s-fixed/changmin_04_watering/p000/plan.val,results/raw/changmin-heuristics-p000-20260912-145532-288189/cases/tempest-numeric-ipc2026/h-numeric-hff__s-fixed/changmin_04_watering/p000
tempest-numeric-ipc2026,h-numeric-hff__s-fixed,numeric-hff,fixed,changmin_05_barman,p000.pddl,solved,true,0,0.214306,6144,0,,3,,,3,valid,results/raw/changmin-heuristics-p000-20260912-145532-288189/cases/tempest-numeric-ipc2026/h-numeric-hff__s-fixed/changmin_05_barman/p000/plan.val,results/raw/changmin-heuristics-p000-20260912-145532-288189/cases/tempest-numeric-ipc2026/h-numeric-hff__s-fixed/changmin_05_barman/p000
tempest-numeric-ipc2026,h-numeric-hff__s-fixed,numeric-hff,fixed,changmin_06_assembly,p000.pddl,solved,true,0,0.215199,4736,0,,6,,,6,valid,results/raw/changmin-heuristics-p000-20260912-145532-288189/cases/tempest-numeric-ipc2026/h-numeric-hff__s-fixed/changmin_06_assembly/p000/plan.val,results/raw/changmin-heuristics-p000-20260912-145532-288189/cases/tempest-numeric-ipc2026/h-numeric-hff__s-fixed/changmin_06_assembly/p000
