domain,instance,planner,heuristic,condition,status,validation,wall_seconds,expanded_nodes,evaluated_states,search_states,objective,csv_path
barman,p001,count-downward-agile,irhff,abundant,timeout,not-run,60.0251,71,,71,,results/controlled-barman/horizon-stock-p001-20260919-201410-818738/results.csv
barman,p001,count-downward-agile,irhff,blocked-zero,unsolved,not-run,0.201001,0,,0,,results/controlled-barman/horizon-stock-p001-20260919-201410-818738/results.csv
barman,p001,count-downward-agile,irhff,boundary,solved,valid,0.401654,2826,,2826,97.0,results/controlled-barman/horizon-stock-p001-20260919-201410-818738/results.csv
barman,p001,count-downward-agile,irhff,one-short,unsolved,not-run,2.610092,31558,,31558,,results/controlled-barman/horizon-stock-p001-20260919-201410-818738/results.csv
barman,p001,enhsp,hadd,abundant,timeout,not-run,60.020728,146043,,146043,,results/controlled-barman/horizon-stock-p001-20260919-201410-818738/results.csv
barman,p001,enhsp,hadd,blocked-zero,unsolved,not-run,0.40177,,,,,results/controlled-barman/horizon-stock-p001-20260919-201410-818738/results.csv
barman,p001,enhsp,hadd,boundary,solved,valid,34.931358,284216,,284216,82.0,results/controlled-barman/horizon-stock-p001-20260919-201410-818738/results.csv
barman,p001,enhsp,hadd,one-short,unsolved,not-run,5.619653,49590,,49590,,results/controlled-barman/horizon-stock-p001-20260919-201410-818738/results.csv
barman,p001,enhsp,hradd,abundant,timeout,not-run,60.016092,147497,,147497,,results/controlled-barman/horizon-stock-p001-20260919-201410-818738/results.csv
barman,p001,enhsp,hradd,blocked-zero,unsolved,not-run,0.401901,,,,,results/controlled-barman/horizon-stock-p001-20260919-201410-818738/results.csv
barman,p001,enhsp,hradd,boundary,solved,valid,34.522998,284216,,284216,82.0,results/controlled-barman/horizon-stock-p001-20260919-201410-818738/results.csv
barman,p001,enhsp,hradd,one-short,unsolved,not-run,5.620165,49590,,49590,,results/controlled-barman/horizon-stock-p001-20260919-201410-818738/results.csv
barman,p001,metric-ff-cross-v1,numeric-hff,abundant,solved,valid,0.200989,,320,320,81.0,results/controlled-barman/horizon-stock-p001-20260919-201410-818738/results.csv
barman,p001,metric-ff-cross-v1,numeric-hff,blocked-zero,unsolved,not-run,0.201121,,2,2,,results/controlled-barman/horizon-stock-p001-20260919-201410-818738/results.csv
barman,p001,metric-ff-cross-v1,numeric-hff,boundary,solved,valid,0.201049,,279,279,81.0,results/controlled-barman/horizon-stock-p001-20260919-201410-818738/results.csv
barman,p001,metric-ff-cross-v1,numeric-hff,one-short,unsolved,not-run,1.405168,,49047,49047,,results/controlled-barman/horizon-stock-p001-20260919-201410-818738/results.csv
barman,p001,numeric-fast-downward-local,irhadd,abundant,timeout,not-run,60.029139,375,,375,,results/controlled-barman/horizon-stock-p001-20260919-201410-818738/results.csv
barman,p001,numeric-fast-downward-local,irhadd,blocked-zero,unsolved,not-run,1.003991,26877,,26877,,results/controlled-barman/horizon-stock-p001-20260919-201410-818738/results.csv
barman,p001,numeric-fast-downward-local,irhadd,boundary,solved,valid,3.613764,51186,,51186,87.0,results/controlled-barman/horizon-stock-p001-20260919-201410-818738/results.csv
barman,p001,numeric-fast-downward-local,irhadd,one-short,unsolved,not-run,32.324674,986505,,986505,,results/controlled-barman/horizon-stock-p001-20260919-201410-818738/results.csv
barman,p002,count-downward-agile,irhff,abundant,timeout,not-run,60.030838,162,,162,,results/controlled-barman/horizon-stock-p002-p004-20260919-194518-753176/results.csv
barman,p002,count-downward-agile,irhff,blocked-zero,unsolved,not-run,0.401753,0,,0,,results/controlled-barman/horizon-stock-p002-p004-20260919-194518-753176/results.csv
barman,p002,count-downward-agile,irhff,boundary,timeout,not-run,60.030682,90,,90,,results/controlled-barman/horizon-stock-p002-p004-20260919-194518-753176/results.csv
barman,p002,count-downward-agile,irhff,one-short,timeout,not-run,60.030433,78,,78,,results/controlled-barman/horizon-stock-p002-p004-20260919-194518-753176/results.csv
barman,p002,enhsp,hadd,abundant,timeout,not-run,60.018253,41882,,41882,,results/controlled-barman/horizon-stock-p002-p004-20260919-194518-753176/results.csv
barman,p002,enhsp,hadd,blocked-zero,unsolved,not-run,0.401648,,,,,results/controlled-barman/horizon-stock-p002-p004-20260919-194518-753176/results.csv
barman,p002,enhsp,hadd,boundary,timeout,not-run,60.014723,50873,,50873,,results/controlled-barman/horizon-stock-p002-p004-20260919-194518-753176/results.csv
barman,p002,enhsp,hadd,one-short,timeout,not-run,60.015833,56716,,56716,,results/controlled-barman/horizon-stock-p002-p004-20260919-194518-753176/results.csv
barman,p002,enhsp,hradd,abundant,timeout,not-run,60.026195,40283,,40283,,results/controlled-barman/horizon-stock-p002-p004-20260919-194518-753176/results.csv
barman,p002,enhsp,hradd,blocked-zero,unsolved,not-run,0.602683,,,,,results/controlled-barman/horizon-stock-p002-p004-20260919-194518-753176/results.csv
barman,p002,enhsp,hradd,boundary,timeout,not-run,60.019178,49243,,49243,,results/controlled-barman/horizon-stock-p002-p004-20260919-194518-753176/results.csv
barman,p002,enhsp,hradd,one-short,timeout,not-run,60.016224,58224,,58224,,results/controlled-barman/horizon-stock-p002-p004-20260919-194518-753176/results.csv
barman,p002,metric-ff-cross-v1,numeric-hff,abundant,solved,valid,0.803115,,10587,10587,130.0,results/controlled-barman/horizon-stock-p002-p004-20260919-194518-753176/results.csv
barman,p002,metric-ff-cross-v1,numeric-hff,blocked-zero,unsolved,not-run,0.201136,,2,2,,results/controlled-barman/horizon-stock-p002-p004-20260919-194518-753176/results.csv
barman,p002,metric-ff-cross-v1,numeric-hff,boundary,solved,valid,0.602452,,8477,8477,130.0,results/controlled-barman/horizon-stock-p002-p004-20260919-194518-753176/results.csv
barman,p002,metric-ff-cross-v1,numeric-hff,one-short,timeout,not-run,60.010053,,,,,results/controlled-barman/horizon-stock-p002-p004-20260919-194518-753176/results.csv
barman,p002,numeric-fast-downward-local,irhadd,abundant,timeout,not-run,60.034084,640,,640,,results/controlled-barman/horizon-stock-p002-p004-20260919-194518-753176/results.csv
barman,p002,numeric-fast-downward-local,irhadd,blocked-zero,timeout,not-run,60.032454,347498,,347498,,results/controlled-barman/horizon-stock-p002-p004-20260919-194518-753176/results.csv
barman,p002,numeric-fast-downward-local,irhadd,boundary,timeout,not-run,60.036361,531,,531,,results/controlled-barman/horizon-stock-p002-p004-20260919-194518-753176/results.csv
barman,p002,numeric-fast-downward-local,irhadd,one-short,timeout,not-run,60.028625,531,,531,,results/controlled-barman/horizon-stock-p002-p004-20260919-194518-753176/results.csv
barman,p004,count-downward-agile,irhff,abundant,timeout,not-run,60.035809,40421,,40421,,results/controlled-barman/horizon-stock-p002-p004-20260919-194518-753176/results.csv
barman,p004,count-downward-agile,irhff,blocked-zero,unsolved,not-run,0.802996,0,,0,,results/controlled-barman/horizon-stock-p002-p004-20260919-194518-753176/results.csv
barman,p004,count-downward-agile,irhff,boundary,timeout,not-run,60.035972,32093,,32093,,results/controlled-barman/horizon-stock-p002-p004-20260919-194518-753176/results.csv
barman,p004,count-downward-agile,irhff,one-short,timeout,not-run,60.041573,39856,,39856,,results/controlled-barman/horizon-stock-p002-p004-20260919-194518-753176/results.csv
barman,p004,enhsp,hadd,abundant,timeout,not-run,60.017383,4990,,4990,,results/controlled-barman/horizon-stock-p002-p004-20260919-194518-753176/results.csv
barman,p004,enhsp,hadd,blocked-zero,unsolved,not-run,1.004386,,,,,results/controlled-barman/horizon-stock-p002-p004-20260919-194518-753176/results.csv
barman,p004,enhsp,hadd,boundary,timeout,not-run,60.024686,5563,,5563,,results/controlled-barman/horizon-stock-p002-p004-20260919-194518-753176/results.csv
barman,p004,enhsp,hadd,one-short,timeout,not-run,60.01288,5910,,5910,,results/controlled-barman/horizon-stock-p002-p004-20260919-194518-753176/results.csv
barman,p004,enhsp,hradd,abundant,timeout,not-run,60.015301,5044,,5044,,results/controlled-barman/horizon-stock-p002-p004-20260919-194518-753176/results.csv
barman,p004,enhsp,hradd,blocked-zero,unsolved,not-run,0.803711,,,,,results/controlled-barman/horizon-stock-p002-p004-20260919-194518-753176/results.csv
barman,p004,enhsp,hradd,boundary,timeout,not-run,60.024843,5651,,5651,,results/controlled-barman/horizon-stock-p002-p004-20260919-194518-753176/results.csv
barman,p004,enhsp,hradd,one-short,timeout,not-run,60.013646,5953,,5953,,results/controlled-barman/horizon-stock-p002-p004-20260919-194518-753176/results.csv
barman,p004,metric-ff-cross-v1,numeric-hff,abundant,solved,valid,0.602456,,2762,2762,206.0,results/controlled-barman/horizon-stock-p002-p004-20260919-194518-753176/results.csv
barman,p004,metric-ff-cross-v1,numeric-hff,blocked-zero,unsolved,not-run,0.20105,,2,2,,results/controlled-barman/horizon-stock-p002-p004-20260919-194518-753176/results.csv
barman,p004,metric-ff-cross-v1,numeric-hff,boundary,solved,valid,0.602257,,2190,2190,206.0,results/controlled-barman/horizon-stock-p002-p004-20260919-194518-753176/results.csv
barman,p004,metric-ff-cross-v1,numeric-hff,one-short,timeout,not-run,60.009278,,,,,results/controlled-barman/horizon-stock-p002-p004-20260919-194518-753176/results.csv
barman,p004,numeric-fast-downward-local,irhadd,abundant,timeout,not-run,60.03757,1018,,1018,,results/controlled-barman/horizon-stock-p002-p004-20260919-194518-753176/results.csv
barman,p004,numeric-fast-downward-local,irhadd,blocked-zero,timeout,not-run,60.038647,38037,,38037,,results/controlled-barman/horizon-stock-p002-p004-20260919-194518-753176/results.csv
barman,p004,numeric-fast-downward-local,irhadd,boundary,timeout,not-run,60.045195,923,,923,,results/controlled-barman/horizon-stock-p002-p004-20260919-194518-753176/results.csv
barman,p004,numeric-fast-downward-local,irhadd,one-short,timeout,not-run,60.033558,923,,923,,results/controlled-barman/horizon-stock-p002-p004-20260919-194518-753176/results.csv
logistics,p001,count-downward-agile,irhff,loose/loose,solved,valid,0.201024,19,,19,126.0,results/controlled-resource/matched-2x2-p001-20260919-191927-393149/results.csv
logistics,p001,count-downward-agile,irhff,loose/tight,solved,valid,0.201147,19,,19,126.0,results/controlled-resource/matched-2x2-p001-20260919-191927-393149/results.csv
logistics,p001,count-downward-agile,irhff,tight/loose,solved,valid,0.200986,19,,19,126.0,results/controlled-resource/matched-2x2-p001-20260919-191927-393149/results.csv
logistics,p001,count-downward-agile,irhff,tight/tight,solved,valid,0.201263,19,,19,126.0,results/controlled-resource/matched-2x2-p001-20260919-191927-393149/results.csv
logistics,p001,enhsp,hadd,loose/loose,solved,valid,0.401753,35,,35,60.0,results/controlled-resource/matched-2x2-p001-20260919-191927-393149/results.csv
logistics,p001,enhsp,hadd,loose/tight,solved,valid,0.401662,35,,35,60.0,results/controlled-resource/matched-2x2-p001-20260919-191927-393149/results.csv
logistics,p001,enhsp,hadd,tight/loose,solved,valid,0.401837,35,,35,60.0,results/controlled-resource/matched-2x2-p001-20260919-191927-393149/results.csv
logistics,p001,enhsp,hadd,tight/tight,solved,valid,0.401789,35,,35,60.0,results/controlled-resource/matched-2x2-p001-20260919-191927-393149/results.csv
logistics,p001,enhsp,hradd,loose/loose,solved,valid,0.401802,35,,35,60.0,results/controlled-resource/matched-2x2-p001-20260919-191927-393149/results.csv
logistics,p001,enhsp,hradd,loose/tight,solved,valid,0.401829,35,,35,60.0,results/controlled-resource/matched-2x2-p001-20260919-191927-393149/results.csv
logistics,p001,enhsp,hradd,tight/loose,solved,valid,0.401694,35,,35,60.0,results/controlled-resource/matched-2x2-p001-20260919-191927-393149/results.csv
logistics,p001,enhsp,hradd,tight/tight,solved,valid,0.401966,35,,35,60.0,results/controlled-resource/matched-2x2-p001-20260919-191927-393149/results.csv
logistics,p001,metric-ff-cross-v1,numeric-hff,loose/loose,solved,valid,0.200993,,32,32,126.0,results/controlled-resource/matched-2x2-p001-20260919-191927-393149/results.csv
logistics,p001,metric-ff-cross-v1,numeric-hff,loose/tight,solved,valid,0.201012,,32,32,126.0,results/controlled-resource/matched-2x2-p001-20260919-191927-393149/results.csv
logistics,p001,metric-ff-cross-v1,numeric-hff,tight/loose,solved,valid,0.201006,,32,32,126.0,results/controlled-resource/matched-2x2-p001-20260919-191927-393149/results.csv
logistics,p001,metric-ff-cross-v1,numeric-hff,tight/tight,solved,valid,0.20102,,32,32,126.0,results/controlled-resource/matched-2x2-p001-20260919-191927-393149/results.csv
logistics,p001,numeric-fast-downward-local,irhadd,loose/loose,solved,valid,0.200946,34,,34,90.0,results/controlled-resource/matched-2x2-p001-20260919-191927-393149/results.csv
logistics,p001,numeric-fast-downward-local,irhadd,loose/tight,solved,valid,0.20098,34,,34,90.0,results/controlled-resource/matched-2x2-p001-20260919-191927-393149/results.csv
logistics,p001,numeric-fast-downward-local,irhadd,tight/loose,solved,valid,0.200974,34,,34,90.0,results/controlled-resource/matched-2x2-p001-20260919-191927-393149/results.csv
logistics,p001,numeric-fast-downward-local,irhadd,tight/tight,solved,valid,0.201007,34,,34,90.0,results/controlled-resource/matched-2x2-p001-20260919-191927-393149/results.csv
logistics,p002,count-downward-agile,irhff,loose/loose,solved,valid,0.401599,2806,,2806,452.0,results/controlled-resource/matched-2x2-p002-20260919-191259-518435/results.csv
logistics,p002,count-downward-agile,irhff,loose/tight,solved,valid,0.200806,521,,521,537.0,results/controlled-resource/matched-2x2-p002-20260919-191259-518435/results.csv
logistics,p002,count-downward-agile,irhff,tight/loose,solved,valid,0.200926,308,,308,414.0,results/controlled-resource/matched-2x2-p002-20260919-191259-518435/results.csv
logistics,p002,count-downward-agile,irhff,tight/tight,solved,valid,0.401793,2275,,2275,300.0,results/controlled-resource/matched-2x2-p002-20260919-191259-518435/results.csv
logistics,p002,enhsp,hadd,loose/loose,solved,valid,3.814606,2065,,2065,77.0,results/controlled-resource/matched-2x2-p002-20260919-191259-518435/results.csv
logistics,p002,enhsp,hadd,loose/tight,solved,valid,2.814181,1018,,1018,71.0,results/controlled-resource/matched-2x2-p002-20260919-191259-518435/results.csv
logistics,p002,enhsp,hadd,tight/loose,solved,valid,3.413235,1901,,1901,81.0,results/controlled-resource/matched-2x2-p002-20260919-191259-518435/results.csv
logistics,p002,enhsp,hadd,tight/tight,solved,valid,2.610056,1216,,1216,89.0,results/controlled-resource/matched-2x2-p002-20260919-191259-518435/results.csv
logistics,p002,enhsp,hradd,loose/loose,solved,valid,3.613407,2065,,2065,77.0,results/controlled-resource/matched-2x2-p002-20260919-191259-518435/results.csv
logistics,p002,enhsp,hradd,loose/tight,solved,valid,2.409653,1018,,1018,71.0,results/controlled-resource/matched-2x2-p002-20260919-191259-518435/results.csv
logistics,p002,enhsp,hradd,tight/loose,solved,valid,3.41317,1901,,1901,81.0,results/controlled-resource/matched-2x2-p002-20260919-191259-518435/results.csv
logistics,p002,enhsp,hradd,tight/tight,solved,valid,2.61115,1216,,1216,89.0,results/controlled-resource/matched-2x2-p002-20260919-191259-518435/results.csv
logistics,p002,metric-ff-cross-v1,numeric-hff,loose/loose,solved,valid,0.201,,1486,1486,487.0,results/controlled-resource/matched-2x2-p002-20260919-191259-518435/results.csv
logistics,p002,metric-ff-cross-v1,numeric-hff,loose/tight,solved,valid,0.201058,,1486,1486,487.0,results/controlled-resource/matched-2x2-p002-20260919-191259-518435/results.csv
logistics,p002,metric-ff-cross-v1,numeric-hff,tight/loose,solved,valid,0.200969,,1770,1770,217.0,results/controlled-resource/matched-2x2-p002-20260919-191259-518435/results.csv
logistics,p002,metric-ff-cross-v1,numeric-hff,tight/tight,solved,valid,0.200823,,1762,1762,217.0,results/controlled-resource/matched-2x2-p002-20260919-191259-518435/results.csv
logistics,p002,numeric-fast-downward-local,irhadd,loose/loose,solved,valid,1.204505,2267,,2267,76.0,results/controlled-resource/matched-2x2-p002-20260919-191259-518435/results.csv
logistics,p002,numeric-fast-downward-local,irhadd,loose/tight,solved,valid,0.602647,939,,939,98.0,results/controlled-resource/matched-2x2-p002-20260919-191259-518435/results.csv
logistics,p002,numeric-fast-downward-local,irhadd,tight/loose,solved,valid,1.205011,2003,,2003,80.0,results/controlled-resource/matched-2x2-p002-20260919-191259-518435/results.csv
logistics,p002,numeric-fast-downward-local,irhadd,tight/tight,solved,valid,0.803542,1063,,1063,96.0,results/controlled-resource/matched-2x2-p002-20260919-191259-518435/results.csv
logistics,p003,count-downward-agile,irhff,loose/loose,solved,valid,0.401735,737,,737,369.0,results/controlled-resource/matched-2x2-p003-20260919-191426-639268/results.csv
logistics,p003,count-downward-agile,irhff,loose/tight,solved,valid,0.401752,285,,285,492.0,results/controlled-resource/matched-2x2-p003-20260919-191426-639268/results.csv
logistics,p003,count-downward-agile,irhff,tight/loose,solved,valid,0.401754,246,,246,403.0,results/controlled-resource/matched-2x2-p003-20260919-191426-639268/results.csv
logistics,p003,count-downward-agile,irhff,tight/tight,solved,valid,0.40173,286,,286,492.0,results/controlled-resource/matched-2x2-p003-20260919-191426-639268/results.csv
logistics,p003,enhsp,hadd,loose/loose,solved,valid,2.007619,202,,202,155.0,results/controlled-resource/matched-2x2-p003-20260919-191426-639268/results.csv
logistics,p003,enhsp,hadd,loose/tight,solved,valid,5.821951,1909,,1909,147.0,results/controlled-resource/matched-2x2-p003-20260919-191426-639268/results.csv
logistics,p003,enhsp,hadd,tight/loose,solved,valid,4.215605,1549,,1549,159.0,results/controlled-resource/matched-2x2-p003-20260919-191426-639268/results.csv
logistics,p003,enhsp,hadd,tight/tight,solved,valid,58.209853,45992,,45992,147.0,results/controlled-resource/matched-2x2-p003-20260919-191426-639268/results.csv
logistics,p003,enhsp,hradd,loose/loose,solved,valid,2.009348,202,,202,155.0,results/controlled-resource/matched-2x2-p003-20260919-191426-639268/results.csv
logistics,p003,enhsp,hradd,loose/tight,solved,valid,6.022136,1909,,1909,147.0,results/controlled-resource/matched-2x2-p003-20260919-191426-639268/results.csv
logistics,p003,enhsp,hradd,tight/loose,solved,valid,4.215754,1549,,1549,159.0,results/controlled-resource/matched-2x2-p003-20260919-191426-639268/results.csv
logistics,p003,enhsp,hradd,tight/tight,solved,valid,59.612966,45992,,45992,147.0,results/controlled-resource/matched-2x2-p003-20260919-191426-639268/results.csv
logistics,p003,metric-ff-cross-v1,numeric-hff,loose/loose,solved,valid,0.201176,,918,918,369.0,results/controlled-resource/matched-2x2-p003-20260919-191426-639268/results.csv
logistics,p003,metric-ff-cross-v1,numeric-hff,loose/tight,solved,valid,0.20096,,918,918,369.0,results/controlled-resource/matched-2x2-p003-20260919-191426-639268/results.csv
logistics,p003,metric-ff-cross-v1,numeric-hff,tight/loose,solved,valid,0.201179,,972,972,483.0,results/controlled-resource/matched-2x2-p003-20260919-191426-639268/results.csv
logistics,p003,metric-ff-cross-v1,numeric-hff,tight/tight,solved,valid,0.200968,,975,975,483.0,results/controlled-resource/matched-2x2-p003-20260919-191426-639268/results.csv
logistics,p003,numeric-fast-downward-local,irhadd,loose/loose,solved,valid,0.602225,217,,217,155.0,results/controlled-resource/matched-2x2-p003-20260919-191426-639268/results.csv
logistics,p003,numeric-fast-downward-local,irhadd,loose/tight,solved,valid,2.610076,2834,,2834,147.0,results/controlled-resource/matched-2x2-p003-20260919-191426-639268/results.csv
logistics,p003,numeric-fast-downward-local,irhadd,tight/loose,solved,valid,1.606241,1987,,1987,159.0,results/controlled-resource/matched-2x2-p003-20260919-191426-639268/results.csv
logistics,p003,numeric-fast-downward-local,irhadd,tight/tight,solved,valid,15.858827,32946,,32946,147.0,results/controlled-resource/matched-2x2-p003-20260919-191426-639268/results.csv
logistics,p004,count-downward-agile,irhff,loose/loose,solved,valid,17.870188,131514,,131514,1095.0,results/controlled-resource/matched-2x2-p004-20260919-191158-193347/results.csv
logistics,p004,count-downward-agile,irhff,loose/tight,solved,valid,0.602654,1824,,1824,666.0,results/controlled-resource/matched-2x2-p004-20260919-191158-193347/results.csv
logistics,p004,count-downward-agile,irhff,tight/loose,solved,valid,0.803619,3206,,3206,995.0,results/controlled-resource/matched-2x2-p004-20260919-191158-193347/results.csv
logistics,p004,count-downward-agile,irhff,tight/tight,solved,valid,0.602664,1541,,1541,928.0,results/controlled-resource/matched-2x2-p004-20260919-191158-193347/results.csv
logistics,p004,enhsp,hadd,loose/loose,solved,valid,3.413004,392,,392,228.0,results/controlled-resource/matched-2x2-p004-20260919-191158-193347/results.csv
logistics,p004,enhsp,hadd,loose/tight,solved,valid,6.022375,1245,,1245,208.0,results/controlled-resource/matched-2x2-p004-20260919-191158-193347/results.csv
logistics,p004,enhsp,hadd,tight/loose,solved,valid,3.213247,433,,433,240.0,results/controlled-resource/matched-2x2-p004-20260919-191158-193347/results.csv
logistics,p004,enhsp,hadd,tight/tight,solved,valid,4.015335,815,,815,196.0,results/controlled-resource/matched-2x2-p004-20260919-191158-193347/results.csv
logistics,p004,enhsp,hradd,loose/loose,solved,valid,3.212163,392,,392,228.0,results/controlled-resource/matched-2x2-p004-20260919-191158-193347/results.csv
logistics,p004,enhsp,hradd,loose/tight,solved,valid,6.022422,1245,,1245,208.0,results/controlled-resource/matched-2x2-p004-20260919-191158-193347/results.csv
logistics,p004,enhsp,hradd,tight/loose,solved,valid,3.414679,433,,433,240.0,results/controlled-resource/matched-2x2-p004-20260919-191158-193347/results.csv
logistics,p004,enhsp,hradd,tight/tight,solved,valid,3.814268,815,,815,196.0,results/controlled-resource/matched-2x2-p004-20260919-191158-193347/results.csv
logistics,p004,metric-ff-cross-v1,numeric-hff,loose/loose,solved,valid,0.201033,,552,552,710.0,results/controlled-resource/matched-2x2-p004-20260919-191158-193347/results.csv
logistics,p004,metric-ff-cross-v1,numeric-hff,loose/tight,solved,valid,0.200915,,552,552,710.0,results/controlled-resource/matched-2x2-p004-20260919-191158-193347/results.csv
logistics,p004,metric-ff-cross-v1,numeric-hff,tight/loose,solved,valid,0.201322,,856,856,766.0,results/controlled-resource/matched-2x2-p004-20260919-191158-193347/results.csv
logistics,p004,metric-ff-cross-v1,numeric-hff,tight/tight,solved,valid,0.201027,,811,811,774.0,results/controlled-resource/matched-2x2-p004-20260919-191158-193347/results.csv
logistics,p004,numeric-fast-downward-local,irhadd,loose/loose,solved,valid,0.803335,365,,365,228.0,results/controlled-resource/matched-2x2-p004-20260919-191158-193347/results.csv
logistics,p004,numeric-fast-downward-local,irhadd,loose/tight,solved,valid,1.004177,551,,551,240.0,results/controlled-resource/matched-2x2-p004-20260919-191158-193347/results.csv
logistics,p004,numeric-fast-downward-local,irhadd,tight/loose,solved,valid,0.803231,458,,458,238.0,results/controlled-resource/matched-2x2-p004-20260919-191158-193347/results.csv
logistics,p004,numeric-fast-downward-local,irhadd,tight/tight,solved,valid,0.803095,581,,581,207.0,results/controlled-resource/matched-2x2-p004-20260919-191158-193347/results.csv
watering,p001,count-downward-agile,irhff,loose/loose,solved,valid,0.201034,1536,,1536,104.0,results/controlled-resource/matched-2x2-p001-20260919-191927-393149/results.csv
watering,p001,count-downward-agile,irhff,loose/tight,solved,valid,0.201027,400,,400,160.0,results/controlled-resource/matched-2x2-p001-20260919-191927-393149/results.csv
watering,p001,count-downward-agile,irhff,tight/loose,solved,valid,0.201141,9486,,9486,153.0,results/controlled-resource/matched-2x2-p001-20260919-191927-393149/results.csv
watering,p001,count-downward-agile,irhff,tight/tight,solved,valid,0.201108,1475,,1475,224.0,results/controlled-resource/matched-2x2-p001-20260919-191927-393149/results.csv
watering,p001,enhsp,hadd,loose/loose,solved,valid,0.401701,80,,80,76.0,results/controlled-resource/matched-2x2-p001-20260919-191927-393149/results.csv
watering,p001,enhsp,hadd,loose/tight,solved,valid,0.401679,268,,268,90.0,results/controlled-resource/matched-2x2-p001-20260919-191927-393149/results.csv
watering,p001,enhsp,hadd,tight/loose,solved,valid,0.602562,5103,,5103,94.0,results/controlled-resource/matched-2x2-p001-20260919-191927-393149/results.csv
watering,p001,enhsp,hadd,tight/tight,solved,valid,0.602452,8659,,8659,132.0,results/controlled-resource/matched-2x2-p001-20260919-191927-393149/results.csv
watering,p001,enhsp,hradd,loose/loose,solved,valid,0.401717,56,,56,87.0,results/controlled-resource/matched-2x2-p001-20260919-191927-393149/results.csv
watering,p001,enhsp,hradd,loose/tight,solved,valid,0.401726,198,,198,115.0,results/controlled-resource/matched-2x2-p001-20260919-191927-393149/results.csv
watering,p001,enhsp,hradd,tight/loose,solved,valid,0.803519,16251,,16251,94.0,results/controlled-resource/matched-2x2-p001-20260919-191927-393149/results.csv
watering,p001,enhsp,hradd,tight/tight,solved,valid,0.602616,8219,,8219,156.0,results/controlled-resource/matched-2x2-p001-20260919-191927-393149/results.csv
watering,p001,metric-ff-cross-v1,numeric-hff,loose/loose,solved,valid,0.201225,,395,395,255.0,results/controlled-resource/matched-2x2-p001-20260919-191927-393149/results.csv
watering,p001,metric-ff-cross-v1,numeric-hff,loose/tight,solved,valid,0.200945,,296,296,174.0,results/controlled-resource/matched-2x2-p001-20260919-191927-393149/results.csv
watering,p001,metric-ff-cross-v1,numeric-hff,tight/loose,solved,valid,0.201213,,1376,1376,282.0,results/controlled-resource/matched-2x2-p001-20260919-191927-393149/results.csv
watering,p001,metric-ff-cross-v1,numeric-hff,tight/tight,solved,valid,0.200866,,807,807,345.0,results/controlled-resource/matched-2x2-p001-20260919-191927-393149/results.csv
watering,p001,numeric-fast-downward-local,irhadd,loose/loose,solved,valid,0.200961,105,,105,76.0,results/controlled-resource/matched-2x2-p001-20260919-191927-393149/results.csv
watering,p001,numeric-fast-downward-local,irhadd,loose/tight,solved,valid,0.200957,327,,327,90.0,results/controlled-resource/matched-2x2-p001-20260919-191927-393149/results.csv
watering,p001,numeric-fast-downward-local,irhadd,tight/loose,solved,valid,0.401874,5829,,5829,94.0,results/controlled-resource/matched-2x2-p001-20260919-191927-393149/results.csv
watering,p001,numeric-fast-downward-local,irhadd,tight/tight,solved,valid,0.402112,9842,,9842,117.0,results/controlled-resource/matched-2x2-p001-20260919-191927-393149/results.csv
watering,p002,count-downward-agile,irhff,loose/loose,solved,valid,0.200961,2324,,2324,82.0,results/controlled-resource/matched-2x2-p002-20260919-191259-518435/results.csv
watering,p002,count-downward-agile,irhff,loose/tight,solved,valid,0.200963,671,,671,82.0,results/controlled-resource/matched-2x2-p002-20260919-191259-518435/results.csv
watering,p002,count-downward-agile,irhff,tight/loose,solved,valid,0.402193,15770,,15770,104.0,results/controlled-resource/matched-2x2-p002-20260919-191259-518435/results.csv
watering,p002,count-downward-agile,irhff,tight/tight,solved,valid,0.200892,3983,,3983,119.0,results/controlled-resource/matched-2x2-p002-20260919-191259-518435/results.csv
watering,p002,enhsp,hadd,loose/loose,solved,valid,0.402379,206,,206,77.0,results/controlled-resource/matched-2x2-p002-20260919-191259-518435/results.csv
watering,p002,enhsp,hadd,loose/tight,solved,valid,0.401691,206,,206,77.0,results/controlled-resource/matched-2x2-p002-20260919-191259-518435/results.csv
watering,p002,enhsp,hadd,tight/loose,solved,valid,4.817291,190184,,190184,99.0,results/controlled-resource/matched-2x2-p002-20260919-191259-518435/results.csv
watering,p002,enhsp,hadd,tight/tight,solved,valid,3.813265,152822,,152822,114.0,results/controlled-resource/matched-2x2-p002-20260919-191259-518435/results.csv
watering,p002,enhsp,hradd,loose/loose,solved,valid,0.402113,32,,32,86.0,results/controlled-resource/matched-2x2-p002-20260919-191259-518435/results.csv
watering,p002,enhsp,hradd,loose/tight,solved,valid,0.401847,32,,32,86.0,results/controlled-resource/matched-2x2-p002-20260919-191259-518435/results.csv
watering,p002,enhsp,hradd,tight/loose,solved,valid,8.430098,265203,,265203,127.0,results/controlled-resource/matched-2x2-p002-20260919-191259-518435/results.csv
watering,p002,enhsp,hradd,tight/tight,solved,valid,6.021853,189045,,189045,151.0,results/controlled-resource/matched-2x2-p002-20260919-191259-518435/results.csv
watering,p002,metric-ff-cross-v1,numeric-hff,loose/loose,solved,valid,0.200995,,471,471,328.0,results/controlled-resource/matched-2x2-p002-20260919-191259-518435/results.csv
watering,p002,metric-ff-cross-v1,numeric-hff,loose/tight,solved,valid,0.200972,,411,411,276.0,results/controlled-resource/matched-2x2-p002-20260919-191259-518435/results.csv
watering,p002,metric-ff-cross-v1,numeric-hff,tight/loose,solved,valid,0.20102,,544,544,320.0,results/controlled-resource/matched-2x2-p002-20260919-191259-518435/results.csv
watering,p002,metric-ff-cross-v1,numeric-hff,tight/tight,solved,valid,0.200934,,782,782,327.0,results/controlled-resource/matched-2x2-p002-20260919-191259-518435/results.csv
watering,p002,numeric-fast-downward-local,irhadd,loose/loose,solved,valid,0.401651,3363,,3363,77.0,results/controlled-resource/matched-2x2-p002-20260919-191259-518435/results.csv
watering,p002,numeric-fast-downward-local,irhadd,loose/tight,solved,valid,0.401868,3363,,3363,77.0,results/controlled-resource/matched-2x2-p002-20260919-191259-518435/results.csv
watering,p002,numeric-fast-downward-local,irhadd,tight/loose,solved,valid,15.862029,549228,,549228,99.0,results/controlled-resource/matched-2x2-p002-20260919-191259-518435/results.csv
watering,p002,numeric-fast-downward-local,irhadd,tight/tight,solved,valid,8.834398,308249,,308249,114.0,results/controlled-resource/matched-2x2-p002-20260919-191259-518435/results.csv
watering,p003,count-downward-agile,irhff,loose/loose,solved,valid,0.401714,7061,,7061,144.0,results/controlled-resource/matched-2x2-p003-20260919-191426-639268/results.csv
watering,p003,count-downward-agile,irhff,loose/tight,solved,valid,0.201002,2103,,2103,197.0,results/controlled-resource/matched-2x2-p003-20260919-191426-639268/results.csv
watering,p003,count-downward-agile,irhff,tight/loose,solved,valid,2.208778,134220,,134220,232.0,results/controlled-resource/matched-2x2-p003-20260919-191426-639268/results.csv
watering,p003,count-downward-agile,irhff,tight/tight,solved,valid,0.602572,30931,,30931,310.0,results/controlled-resource/matched-2x2-p003-20260919-191426-639268/results.csv
watering,p003,enhsp,hadd,loose/loose,solved,valid,0.402268,1641,,1641,156.0,results/controlled-resource/matched-2x2-p003-20260919-191426-639268/results.csv
watering,p003,enhsp,hadd,loose/tight,solved,valid,0.802852,11116,,11116,136.0,results/controlled-resource/matched-2x2-p003-20260919-191426-639268/results.csv
watering,p003,enhsp,hadd,tight/loose,solved,valid,11.845522,421808,,421808,169.0,results/controlled-resource/matched-2x2-p003-20260919-191426-639268/results.csv
watering,p003,enhsp,hadd,tight/tight,solved,valid,16.860523,613324,,613324,184.0,results/controlled-resource/matched-2x2-p003-20260919-191426-639268/results.csv
watering,p003,enhsp,hradd,loose/loose,solved,valid,0.401716,642,,642,176.0,results/controlled-resource/matched-2x2-p003-20260919-191426-639268/results.csv
watering,p003,enhsp,hradd,loose/tight,solved,valid,0.602427,1783,,1783,206.0,results/controlled-resource/matched-2x2-p003-20260919-191426-639268/results.csv
watering,p003,enhsp,hradd,tight/loose,solved,valid,1.405031,20486,,20486,206.0,results/controlled-resource/matched-2x2-p003-20260919-191426-639268/results.csv
watering,p003,enhsp,hradd,tight/tight,solved,valid,2.007258,39363,,39363,274.0,results/controlled-resource/matched-2x2-p003-20260919-191426-639268/results.csv
watering,p003,metric-ff-cross-v1,numeric-hff,loose/loose,solved,valid,0.201192,,1634,1634,253.0,results/controlled-resource/matched-2x2-p003-20260919-191426-639268/results.csv
watering,p003,metric-ff-cross-v1,numeric-hff,loose/tight,solved,valid,0.200943,,1634,1634,299.0,results/controlled-resource/matched-2x2-p003-20260919-191426-639268/results.csv
watering,p003,metric-ff-cross-v1,numeric-hff,tight/loose,solved,valid,0.20104,,3247,3247,452.0,results/controlled-resource/matched-2x2-p003-20260919-191426-639268/results.csv
watering,p003,metric-ff-cross-v1,numeric-hff,tight/tight,solved,valid,0.201065,,5137,5137,566.0,results/controlled-resource/matched-2x2-p003-20260919-191426-639268/results.csv
watering,p003,numeric-fast-downward-local,irhadd,loose/loose,solved,valid,0.602471,8081,,8081,121.0,results/controlled-resource/matched-2x2-p003-20260919-191426-639268/results.csv
watering,p003,numeric-fast-downward-local,irhadd,loose/tight,solved,valid,2.007988,53020,,53020,136.0,results/controlled-resource/matched-2x2-p003-20260919-191426-639268/results.csv
watering,p003,numeric-fast-downward-local,irhadd,tight/loose,solved,valid,41.359473,1177378,,1177378,169.0,results/controlled-resource/matched-2x2-p003-20260919-191426-639268/results.csv
watering,p003,numeric-fast-downward-local,irhadd,tight/tight,solved,valid,46.775622,1815848,,1815848,184.0,results/controlled-resource/matched-2x2-p003-20260919-191426-639268/results.csv
watering,p004,count-downward-agile,irhff,loose/loose,solved,valid,0.201066,1753,,1753,147.0,results/controlled-resource/matched-2x2-p004-20260919-190431-460983/results.csv
watering,p004,count-downward-agile,irhff,loose/tight,solved,valid,0.201034,590,,590,244.0,results/controlled-resource/matched-2x2-p004-20260919-190431-460983/results.csv
watering,p004,count-downward-agile,irhff,tight/loose,solved,valid,0.401782,14726,,14726,252.0,results/controlled-resource/matched-2x2-p004-20260919-190431-460983/results.csv
watering,p004,count-downward-agile,irhff,tight/tight,solved,valid,0.201013,2483,,2483,386.0,results/controlled-resource/matched-2x2-p004-20260919-190431-460983/results.csv
watering,p004,enhsp,hadd,loose/loose,solved,valid,1.004896,6570,,6570,172.0,results/controlled-resource/matched-2x2-p004-20260919-190431-460983/results.csv
watering,p004,enhsp,hadd,loose/tight,solved,valid,1.406304,19556,,19556,187.0,results/controlled-resource/matched-2x2-p004-20260919-190431-460983/results.csv
watering,p004,enhsp,hadd,tight/loose,timeout,not-run,60.028151,1010221,,1010221,,results/controlled-resource/matched-2x2-p004-20260919-190431-460983/results.csv
watering,p004,enhsp,hadd,tight/tight,timeout,not-run,60.032202,1407179,,1407179,,results/controlled-resource/matched-2x2-p004-20260919-190431-460983/results.csv
watering,p004,enhsp,hradd,loose/loose,solved,valid,0.602458,1805,,1805,246.0,results/controlled-resource/matched-2x2-p004-20260919-190431-460983/results.csv
watering,p004,enhsp,hradd,loose/tight,solved,valid,0.602782,1576,,1576,281.0,results/controlled-resource/matched-2x2-p004-20260919-190431-460983/results.csv
watering,p004,enhsp,hradd,tight/loose,solved,valid,0.803572,4051,,4051,296.0,results/controlled-resource/matched-2x2-p004-20260919-190431-460983/results.csv
watering,p004,enhsp,hradd,tight/tight,solved,valid,0.803864,5435,,5435,339.0,results/controlled-resource/matched-2x2-p004-20260919-190431-460983/results.csv
watering,p004,metric-ff-cross-v1,numeric-hff,loose/loose,solved,valid,0.201348,,442,442,309.0,results/controlled-resource/matched-2x2-p004-20260919-190431-460983/results.csv
watering,p004,metric-ff-cross-v1,numeric-hff,loose/tight,solved,valid,0.201042,,2368,2368,244.0,results/controlled-resource/matched-2x2-p004-20260919-190431-460983/results.csv
watering,p004,metric-ff-cross-v1,numeric-hff,tight/loose,solved,valid,0.200962,,1272,1272,325.0,results/controlled-resource/matched-2x2-p004-20260919-190431-460983/results.csv
watering,p004,metric-ff-cross-v1,numeric-hff,tight/tight,solved,valid,0.201257,,2072,2072,539.0,results/controlled-resource/matched-2x2-p004-20260919-190431-460983/results.csv
watering,p004,numeric-fast-downward-local,irhadd,loose/loose,solved,valid,44.167357,613818,,613818,137.0,results/controlled-resource/matched-2x2-p004-20260919-190431-460983/results.csv
watering,p004,numeric-fast-downward-local,irhadd,loose/tight,solved,valid,28.909915,671753,,671753,187.0,results/controlled-resource/matched-2x2-p004-20260919-190431-460983/results.csv
watering,p004,numeric-fast-downward-local,irhadd,tight/loose,timeout,not-run,60.031242,26382,,26382,,results/controlled-resource/matched-2x2-p004-20260919-190431-460983/results.csv
watering,p004,numeric-fast-downward-local,irhadd,tight/tight,timeout,not-run,60.036825,431000,,431000,,results/controlled-resource/matched-2x2-p004-20260919-190431-460983/results.csv
