planner,benchmark,instance,status,compatible,return_code,wall_seconds,max_rss_kb,plan_length,metric_value,validation,case_directory
count-downward-agile,01_LOGISTIC,p001.pddl,solved,true,0,0.114139,14580,15,15,valid,results/raw/selected-10-all-domains-p001-20260911-144247-062274/cases/count-downward-agile/01_LOGISTIC/p001
count-downward-agile,02_LOGISTIC_NEW,p001.pddl,solved,true,0,0.114208,15360,24,24,valid,results/raw/selected-10-all-domains-p001-20260911-144247-062274/cases/count-downward-agile/02_LOGISTIC_NEW/p001
count-downward-agile,03_BLOCKSWORLD,p001.pddl,solved,true,0,0.114137,14068,14,14,valid,results/raw/selected-10-all-domains-p001-20260911-144247-062274/cases/count-downward-agile/03_BLOCKSWORLD/p001
count-downward-agile,04_ROVER_CHANGMIN,p001.pddl,solved,true,0,18.516284,131344,31,168.999,valid,results/raw/selected-10-all-domains-p001-20260911-144247-062274/cases/count-downward-agile/04_ROVER_CHANGMIN/p001
count-downward-agile,05_PIPESWORLD_STRIPS,p001.pddl,solved,true,0,0.264901,23668,18,18,valid,results/raw/selected-10-all-domains-p001-20260911-144247-062274/cases/count-downward-agile/05_PIPESWORLD_STRIPS/p001
count-downward-agile,06_TSP_NUMERIC,p001.pddl,solved,true,0,0.063897,13696,3,75,valid,results/raw/selected-10-all-domains-p001-20260911-144247-062274/cases/count-downward-agile/06_TSP_NUMERIC/p001
count-downward-agile,07_TSP_CONNECTED_NUMERIC,p001.pddl,solved,true,0,0.063909,14080,15,457,valid,results/raw/selected-10-all-domains-p001-20260911-144247-062274/cases/count-downward-agile/07_TSP_CONNECTED_NUMERIC/p001
count-downward-agile,08_RAILWAYS_SIMPLE,p001.pddl,solved,true,0,0.063837,13820,9,9,valid,results/raw/selected-10-all-domains-p001-20260911-144247-062274/cases/count-downward-agile/08_RAILWAYS_SIMPLE/p001
count-downward-agile,09_WATERING,p001.pddl,solved,true,0,1.019069,33212,63,486,valid,results/raw/selected-10-all-domains-p001-20260911-144247-062274/cases/count-downward-agile/09_WATERING/p001
count-downward-agile,10_EIGHT_PUZZLE,p001.pddl,solved,true,0,0.114151,14976,8,8,valid,results/raw/selected-10-all-domains-p001-20260911-144247-062274/cases/count-downward-agile/10_EIGHT_PUZZLE/p001
count-downward-agile,11_SEEDSET,p001.pddl,solved,true,0,0.164251,17792,155,1550,valid,results/raw/selected-10-all-domains-p001-20260911-144247-062274/cases/count-downward-agile/11_SEEDSET/p001
count-downward-agile,12_BOOKNEW,p001.pddl,solved,true,0,0.114143,14080,16,16,valid,results/raw/selected-10-all-domains-p001-20260911-144247-062274/cases/count-downward-agile/12_BOOKNEW/p001
count-downward-agile,13_GROUNDED_TRUCKS,p001.pddl,solved,true,0,0.114169,13952,5,5,valid,results/raw/selected-10-all-domains-p001-20260911-144247-062274/cases/count-downward-agile/13_GROUNDED_TRUCKS/p001
count-downward-agile,14_DESIRE,p001.pddl,solved,true,0,0.063920,13696,1,1,valid,results/raw/selected-10-all-domains-p001-20260911-144247-062274/cases/count-downward-agile/14_DESIRE/p001
count-downward-agile,15_ISSUE49,p001.pddl,unsolved,true,5,0.063849,13432,,,not-run,results/raw/selected-10-all-domains-p001-20260911-144247-062274/cases/count-downward-agile/15_ISSUE49/p001
count-downward-agile,16_TEST1,p001.pddl,solved,true,0,0.063904,14080,5,5,valid,results/raw/selected-10-all-domains-p001-20260911-144247-062274/cases/count-downward-agile/16_TEST1/p001
count-downward-agile,17_SATELLITE,p001.pddl,solved,true,0,0.114163,14592,11,108.586,valid,results/raw/selected-10-all-domains-p001-20260911-144247-062274/cases/count-downward-agile/17_SATELLITE/p001
count-downward-agile,18_BLOCK_GROUPING,p001.pddl,solved,true,0,0.114133,16896,26,26,valid,results/raw/selected-10-all-domains-p001-20260911-144247-062274/cases/count-downward-agile/18_BLOCK_GROUPING/p001
count-downward-agile,19_COUNTERS,p001.pddl,solved,true,0,0.114168,14208,12,12,valid,results/raw/selected-10-all-domains-p001-20260911-144247-062274/cases/count-downward-agile/19_COUNTERS/p001
count-downward-agile,20_DELIVERY,p001.pddl,solved,true,0,0.114214,14976,12,28,valid,results/raw/selected-10-all-domains-p001-20260911-144247-062274/cases/count-downward-agile/20_DELIVERY/p001
count-downward-agile,21_DRONE,p001.pddl,solved,true,0,0.114008,14072,4,4,valid,results/raw/selected-10-all-domains-p001-20260911-144247-062274/cases/count-downward-agile/21_DRONE/p001
count-downward-agile,22_EXPEDITION,p001.pddl,solved,true,0,0.164454,14208,58,58,valid,results/raw/selected-10-all-domains-p001-20260911-144247-062274/cases/count-downward-agile/22_EXPEDITION/p001
count-downward-agile,23_EXT_PLANT_WATERING,p001.pddl,solved,true,0,0.315253,15872,451,451,valid,results/raw/selected-10-all-domains-p001-20260911-144247-062274/cases/count-downward-agile/23_EXT_PLANT_WATERING/p001
count-downward-agile,24_FARMLAND,p001.pddl,solved,true,0,0.164446,13952,341,341,valid,results/raw/selected-10-all-domains-p001-20260911-144247-062274/cases/count-downward-agile/24_FARMLAND/p001
count-downward-agile,25_FO_COUNTERS,p001.pddl,solved,true,0,0.063881,14068,3,3,valid,results/raw/selected-10-all-domains-p001-20260911-144247-062274/cases/count-downward-agile/25_FO_COUNTERS/p001
count-downward-agile,26_FO_FARMLAND,p001.pddl,solved,true,0,0.164495,14148,194,194,valid,results/raw/selected-10-all-domains-p001-20260911-144247-062274/cases/count-downward-agile/26_FO_FARMLAND/p001
count-downward-agile,27_FO_SAILING,p001.pddl,solved,true,0,0.214650,14336,246,246,valid,results/raw/selected-10-all-domains-p001-20260911-144247-062274/cases/count-downward-agile/27_FO_SAILING/p001
count-downward-agile,28_HYDROPOWER,p001.pddl,timeout,true,timeout,60.001564,,,,not-run,results/raw/selected-10-all-domains-p001-20260911-144247-062274/cases/count-downward-agile/28_HYDROPOWER/p001
count-downward-agile,29_MARKETTRADER,p001.pddl,timeout,true,timeout,60.002878,,,,not-run,results/raw/selected-10-all-domains-p001-20260911-144247-062274/cases/count-downward-agile/29_MARKETTRADER/p001
count-downward-agile,30_MPRIME,p001.pddl,solved,true,0,0.117714,14464,5,5,valid,results/raw/selected-10-all-domains-p001-20260911-144247-062274/cases/count-downward-agile/30_MPRIME/p001
count-downward-agile,31_PATHWAYSMETRIC,p001.pddl,solved,true,0,0.216083,24684,12,12,valid,results/raw/selected-10-all-domains-p001-20260911-144247-062274/cases/count-downward-agile/31_PATHWAYSMETRIC/p001
count-downward-agile,32_ROVER_IPC23,p001.pddl,solved,true,0,0.117166,14836,8,0,valid,results/raw/selected-10-all-domains-p001-20260911-144247-062274/cases/count-downward-agile/32_ROVER_IPC23/p001
count-downward-agile,33_SAILING,p001.pddl,solved,true,0,0.214683,14328,389,389,valid,results/raw/selected-10-all-domains-p001-20260911-144247-062274/cases/count-downward-agile/33_SAILING/p001
count-downward-agile,34_SETTLERSNUMERIC,p001.pddl,timeout,true,timeout,60.001665,,,,not-run,results/raw/selected-10-all-domains-p001-20260911-144247-062274/cases/count-downward-agile/34_SETTLERSNUMERIC/p001
count-downward-agile,35_SUGAR,p001.pddl,solved,true,0,0.165916,15872,20,20,valid,results/raw/selected-10-all-domains-p001-20260911-144247-062274/cases/count-downward-agile/35_SUGAR/p001
count-downward-agile,36_TPP,p001.pddl,solved,true,0,0.114170,15104,13,5458.36,valid,results/raw/selected-10-all-domains-p001-20260911-144247-062274/cases/count-downward-agile/36_TPP/p001
count-downward-agile,37_ZENOTRAVEL,p001.pddl,solved,true,0,0.114220,14620,9,5952,valid,results/raw/selected-10-all-domains-p001-20260911-144247-062274/cases/count-downward-agile/37_ZENOTRAVEL/p001
count-downward-agile,38_SETTLERS_IPC04,p001.pddl,solved,true,0,1.974351,26880,55,118,valid,results/raw/selected-10-all-domains-p001-20260911-144247-062274/cases/count-downward-agile/38_SETTLERS_IPC04/p001
count-downward-agile,39_PSR_LARGE_IPC04,p001.pddl,solved,true,0,0.114184,16116,6,6,valid,results/raw/selected-10-all-domains-p001-20260911-144247-062274/cases/count-downward-agile/39_PSR_LARGE_IPC04/p001
enhsp,01_LOGISTIC,p001.pddl,solved,true,0,0.419397,94004,23,23.0,valid,results/raw/selected-10-all-domains-p001-20260911-144247-062274/cases/enhsp/01_LOGISTIC/p001
enhsp,02_LOGISTIC_NEW,p001.pddl,solved,true,0,0.472853,104440,28,28.0,valid,results/raw/selected-10-all-domains-p001-20260911-144247-062274/cases/enhsp/02_LOGISTIC_NEW/p001
enhsp,03_BLOCKSWORLD,p001.pddl,solved,true,0,0.218582,75404,14,14.0,valid,results/raw/selected-10-all-domains-p001-20260911-144247-062274/cases/enhsp/03_BLOCKSWORLD/p001
enhsp,04_ROVER_CHANGMIN,p001.pddl,timeout,true,timeout,60.001702,,,,not-run,results/raw/selected-10-all-domains-p001-20260911-144247-062274/cases/enhsp/04_ROVER_CHANGMIN/p001
enhsp,05_PIPESWORLD_STRIPS,p001.pddl,timeout,true,timeout,60.002239,,,,not-run,results/raw/selected-10-all-domains-p001-20260911-144247-062274/cases/enhsp/05_PIPESWORLD_STRIPS/p001
enhsp,06_TSP_NUMERIC,p001.pddl,solved,true,0,0.219886,74204,3,75.0,valid,results/raw/selected-10-all-domains-p001-20260911-144247-062274/cases/enhsp/06_TSP_NUMERIC/p001
enhsp,07_TSP_CONNECTED_NUMERIC,p001.pddl,solved,true,0,0.216559,75764,21,599.0,valid,results/raw/selected-10-all-domains-p001-20260911-144247-062274/cases/enhsp/07_TSP_CONNECTED_NUMERIC/p001
enhsp,08_RAILWAYS_SIMPLE,p001.pddl,unsupported,false,,0,,,,not-run,results/raw/selected-10-all-domains-p001-20260911-144247-062274/cases/enhsp/08_RAILWAYS_SIMPLE/p001
enhsp,09_WATERING,p001.pddl,solved,true,0,0.416544,95816,47,348.0,valid,results/raw/selected-10-all-domains-p001-20260911-144247-062274/cases/enhsp/09_WATERING/p001
enhsp,10_EIGHT_PUZZLE,p001.pddl,solved,true,0,0.267266,80724,8,8.0,valid,results/raw/selected-10-all-domains-p001-20260911-144247-062274/cases/enhsp/10_EIGHT_PUZZLE/p001
enhsp,11_SEEDSET,p001.pddl,unsolved,true,0,0.266627,82048,,,not-run,results/raw/selected-10-all-domains-p001-20260911-144247-062274/cases/enhsp/11_SEEDSET/p001
enhsp,12_BOOKNEW,p001.pddl,solved,true,0,0.217483,78900,16,16.0,valid,results/raw/selected-10-all-domains-p001-20260911-144247-062274/cases/enhsp/12_BOOKNEW/p001
enhsp,13_GROUNDED_TRUCKS,p001.pddl,solved,true,0,0.167107,73540,5,5.0,valid,results/raw/selected-10-all-domains-p001-20260911-144247-062274/cases/enhsp/13_GROUNDED_TRUCKS/p001
enhsp,14_DESIRE,p001.pddl,parse-error,true,255,0.116156,52308,,,not-run,results/raw/selected-10-all-domains-p001-20260911-144247-062274/cases/enhsp/14_DESIRE/p001
enhsp,15_ISSUE49,p001.pddl,unsolved,true,0,0.118157,56964,,,not-run,results/raw/selected-10-all-domains-p001-20260911-144247-062274/cases/enhsp/15_ISSUE49/p001
enhsp,16_TEST1,p001.pddl,solved,true,0,0.217615,74252,5,5.0,valid,results/raw/selected-10-all-domains-p001-20260911-144247-062274/cases/enhsp/16_TEST1/p001
enhsp,17_SATELLITE,p001.pddl,solved,true,0,0.267992,86268,11,109.87599,valid,results/raw/selected-10-all-domains-p001-20260911-144247-062274/cases/enhsp/17_SATELLITE/p001
enhsp,18_BLOCK_GROUPING,p001.pddl,solved,true,0,0.267162,82404,20,20.0,valid,results/raw/selected-10-all-domains-p001-20260911-144247-062274/cases/enhsp/18_BLOCK_GROUPING/p001
enhsp,19_COUNTERS,p001.pddl,solved,true,0,0.216181,74728,12,12.0,valid,results/raw/selected-10-all-domains-p001-20260911-144247-062274/cases/enhsp/19_COUNTERS/p001
enhsp,20_DELIVERY,p001.pddl,solved,true,0,0.317878,85516,14,34.0,valid,results/raw/selected-10-all-domains-p001-20260911-144247-062274/cases/enhsp/20_DELIVERY/p001
enhsp,21_DRONE,p001.pddl,solved,true,0,0.217644,75908,5,5.0,valid,results/raw/selected-10-all-domains-p001-20260911-144247-062274/cases/enhsp/21_DRONE/p001
enhsp,22_EXPEDITION,p001.pddl,solved,true,0,0.417585,103456,130,130.0,valid,results/raw/selected-10-all-domains-p001-20260911-144247-062274/cases/enhsp/22_EXPEDITION/p001
enhsp,23_EXT_PLANT_WATERING,p001.pddl,solved,true,0,1.732455,381232,332,332.0,valid,results/raw/selected-10-all-domains-p001-20260911-144247-062274/cases/enhsp/23_EXT_PLANT_WATERING/p001
enhsp,24_FARMLAND,p001.pddl,solved,true,0,0.266386,78264,341,341.0,valid,results/raw/selected-10-all-domains-p001-20260911-144247-062274/cases/enhsp/24_FARMLAND/p001
enhsp,25_FO_COUNTERS,p001.pddl,solved,true,0,0.215642,74584,2,2.0,valid,results/raw/selected-10-all-domains-p001-20260911-144247-062274/cases/enhsp/25_FO_COUNTERS/p001
enhsp,26_FO_FARMLAND,p001.pddl,unsupported,false,,0,,,,not-run,results/raw/selected-10-all-domains-p001-20260911-144247-062274/cases/enhsp/26_FO_FARMLAND/p001
enhsp,27_FO_SAILING,p001.pddl,solved,true,0,0.267894,86272,174,174.0,valid,results/raw/selected-10-all-domains-p001-20260911-144247-062274/cases/enhsp/27_FO_SAILING/p001
enhsp,28_HYDROPOWER,p001.pddl,timeout,true,timeout,60.001676,,,,not-run,results/raw/selected-10-all-domains-p001-20260911-144247-062274/cases/enhsp/28_HYDROPOWER/p001
enhsp,29_MARKETTRADER,p001.pddl,timeout,true,timeout,60.002165,,,,not-run,results/raw/selected-10-all-domains-p001-20260911-144247-062274/cases/enhsp/29_MARKETTRADER/p001
enhsp,30_MPRIME,p001.pddl,solved,true,0,0.368185,79112,4,4.0,valid,results/raw/selected-10-all-domains-p001-20260911-144247-062274/cases/enhsp/30_MPRIME/p001
enhsp,31_PATHWAYSMETRIC,p001.pddl,solved,true,0,0.369523,95576,17,17.0,valid,results/raw/selected-10-all-domains-p001-20260911-144247-062274/cases/enhsp/31_PATHWAYSMETRIC/p001
enhsp,32_ROVER_IPC23,p001.pddl,solved,true,0,0.317691,84220,15,0.0,valid,results/raw/selected-10-all-domains-p001-20260911-144247-062274/cases/enhsp/32_ROVER_IPC23/p001
enhsp,33_SAILING,p001.pddl,solved,true,0,0.269097,88596,174,174.0,valid,results/raw/selected-10-all-domains-p001-20260911-144247-062274/cases/enhsp/33_SAILING/p001
enhsp,34_SETTLERSNUMERIC,p001.pddl,timeout,true,timeout,60.001636,,,,not-run,results/raw/selected-10-all-domains-p001-20260911-144247-062274/cases/enhsp/34_SETTLERSNUMERIC/p001
enhsp,35_SUGAR,p001.pddl,timeout,true,timeout,60.014925,,,,not-run,results/raw/selected-10-all-domains-p001-20260911-144247-062274/cases/enhsp/35_SUGAR/p001
enhsp,36_TPP,p001.pddl,solved,true,0,0.369538,80164,9,2843.41,valid,results/raw/selected-10-all-domains-p001-20260911-144247-062274/cases/enhsp/36_TPP/p001
enhsp,37_ZENOTRAVEL,p001.pddl,solved,true,0,0.217415,77308,15,17576.0,valid,results/raw/selected-10-all-domains-p001-20260911-144247-062274/cases/enhsp/37_ZENOTRAVEL/p001
enhsp,38_SETTLERS_IPC04,p001.pddl,timeout,true,timeout,60.001537,,,,not-run,results/raw/selected-10-all-domains-p001-20260911-144247-062274/cases/enhsp/38_SETTLERS_IPC04/p001
enhsp,39_PSR_LARGE_IPC04,p001.pddl,unsupported,false,,0,,,,not-run,results/raw/selected-10-all-domains-p001-20260911-144247-062274/cases/enhsp/39_PSR_LARGE_IPC04/p001
metric-ff-cross-v1,01_LOGISTIC,p001.pddl,solved,true,0,0.008575,3328,15,,valid,results/raw/selected-10-all-domains-p001-20260911-144247-062274/cases/metric-ff-cross-v1/01_LOGISTIC/p001
metric-ff-cross-v1,02_LOGISTIC_NEW,p001.pddl,solved,true,0,0.007851,4352,24,,valid,results/raw/selected-10-all-domains-p001-20260911-144247-062274/cases/metric-ff-cross-v1/02_LOGISTIC_NEW/p001
metric-ff-cross-v1,03_BLOCKSWORLD,p001.pddl,solved,true,0,0.007721,3328,14,,valid,results/raw/selected-10-all-domains-p001-20260911-144247-062274/cases/metric-ff-cross-v1/03_BLOCKSWORLD/p001
metric-ff-cross-v1,04_ROVER_CHANGMIN,p001.pddl,crash,true,1,0.007828,3324,,,not-run,results/raw/selected-10-all-domains-p001-20260911-144247-062274/cases/metric-ff-cross-v1/04_ROVER_CHANGMIN/p001
metric-ff-cross-v1,05_PIPESWORLD_STRIPS,p001.pddl,solved,true,0,0.015926,10624,18,,valid,results/raw/selected-10-all-domains-p001-20260911-144247-062274/cases/metric-ff-cross-v1/05_PIPESWORLD_STRIPS/p001
metric-ff-cross-v1,06_TSP_NUMERIC,p001.pddl,solved,true,0,0.011058,3328,3,,valid,results/raw/selected-10-all-domains-p001-20260911-144247-062274/cases/metric-ff-cross-v1/06_TSP_NUMERIC/p001
metric-ff-cross-v1,07_TSP_CONNECTED_NUMERIC,p001.pddl,solved,true,0,0.009214,3328,14,,valid,results/raw/selected-10-all-domains-p001-20260911-144247-062274/cases/metric-ff-cross-v1/07_TSP_CONNECTED_NUMERIC/p001
metric-ff-cross-v1,08_RAILWAYS_SIMPLE,p001.pddl,unsupported,false,,0,,,,not-run,results/raw/selected-10-all-domains-p001-20260911-144247-062274/cases/metric-ff-cross-v1/08_RAILWAYS_SIMPLE/p001
metric-ff-cross-v1,09_WATERING,p001.pddl,unsolved,true,0,0.016941,3200,,,not-run,results/raw/selected-10-all-domains-p001-20260911-144247-062274/cases/metric-ff-cross-v1/09_WATERING/p001
metric-ff-cross-v1,10_EIGHT_PUZZLE,p001.pddl,solved,true,0,0.007938,3584,8,,valid,results/raw/selected-10-all-domains-p001-20260911-144247-062274/cases/metric-ff-cross-v1/10_EIGHT_PUZZLE/p001
metric-ff-cross-v1,11_SEEDSET,p001.pddl,crash,true,1,0.007513,3324,,,not-run,results/raw/selected-10-all-domains-p001-20260911-144247-062274/cases/metric-ff-cross-v1/11_SEEDSET/p001
metric-ff-cross-v1,12_BOOKNEW,p001.pddl,solved,true,0,0.007543,3328,16,,valid,results/raw/selected-10-all-domains-p001-20260911-144247-062274/cases/metric-ff-cross-v1/12_BOOKNEW/p001
metric-ff-cross-v1,13_GROUNDED_TRUCKS,p001.pddl,solved,true,0,0.007557,3068,5,,valid,results/raw/selected-10-all-domains-p001-20260911-144247-062274/cases/metric-ff-cross-v1/13_GROUNDED_TRUCKS/p001
metric-ff-cross-v1,14_DESIRE,p001.pddl,solved,true,0,0.007560,3200,1,,valid,results/raw/selected-10-all-domains-p001-20260911-144247-062274/cases/metric-ff-cross-v1/14_DESIRE/p001
metric-ff-cross-v1,15_ISSUE49,p001.pddl,crash,true,1,0.007549,3328,,,not-run,results/raw/selected-10-all-domains-p001-20260911-144247-062274/cases/metric-ff-cross-v1/15_ISSUE49/p001
metric-ff-cross-v1,16_TEST1,p001.pddl,solved,true,0,0.007544,3328,5,,valid,results/raw/selected-10-all-domains-p001-20260911-144247-062274/cases/metric-ff-cross-v1/16_TEST1/p001
metric-ff-cross-v1,17_SATELLITE,p001.pddl,solved,true,0,0.007518,3456,11,,valid,results/raw/selected-10-all-domains-p001-20260911-144247-062274/cases/metric-ff-cross-v1/17_SATELLITE/p001
metric-ff-cross-v1,18_BLOCK_GROUPING,p001.pddl,solved,true,0,0.164408,9216,31,,invalid,results/raw/selected-10-all-domains-p001-20260911-144247-062274/cases/metric-ff-cross-v1/18_BLOCK_GROUPING/p001
metric-ff-cross-v1,19_COUNTERS,p001.pddl,solved,true,0,0.007858,3328,14,,valid,results/raw/selected-10-all-domains-p001-20260911-144247-062274/cases/metric-ff-cross-v1/19_COUNTERS/p001
metric-ff-cross-v1,20_DELIVERY,p001.pddl,solved,true,0,0.007509,3584,10,,valid,results/raw/selected-10-all-domains-p001-20260911-144247-062274/cases/metric-ff-cross-v1/20_DELIVERY/p001
metric-ff-cross-v1,21_DRONE,p001.pddl,solved,true,0,0.007539,3200,4,,valid,results/raw/selected-10-all-domains-p001-20260911-144247-062274/cases/metric-ff-cross-v1/21_DRONE/p001
metric-ff-cross-v1,22_EXPEDITION,p001.pddl,solved,true,0,0.015615,3712,30,,valid,results/raw/selected-10-all-domains-p001-20260911-144247-062274/cases/metric-ff-cross-v1/22_EXPEDITION/p001
metric-ff-cross-v1,23_EXT_PLANT_WATERING,p001.pddl,solved,true,0,14.341284,55552,348,,valid,results/raw/selected-10-all-domains-p001-20260911-144247-062274/cases/metric-ff-cross-v1/23_EXT_PLANT_WATERING/p001
metric-ff-cross-v1,24_FARMLAND,p001.pddl,solved,true,0,0.063866,3328,341,,valid,results/raw/selected-10-all-domains-p001-20260911-144247-062274/cases/metric-ff-cross-v1/24_FARMLAND/p001
metric-ff-cross-v1,25_FO_COUNTERS,p001.pddl,solved,true,0,0.007524,3328,2,,valid,results/raw/selected-10-all-domains-p001-20260911-144247-062274/cases/metric-ff-cross-v1/25_FO_COUNTERS/p001
metric-ff-cross-v1,26_FO_FARMLAND,p001.pddl,solved,true,0,0.007520,3328,20,,valid,results/raw/selected-10-all-domains-p001-20260911-144247-062274/cases/metric-ff-cross-v1/26_FO_FARMLAND/p001
metric-ff-cross-v1,27_FO_SAILING,p001.pddl,solved,true,0,0.767770,22784,66,,valid,results/raw/selected-10-all-domains-p001-20260911-144247-062274/cases/metric-ff-cross-v1/27_FO_SAILING/p001
metric-ff-cross-v1,28_HYDROPOWER,p001.pddl,crash,true,1,0.015608,4352,,,not-run,results/raw/selected-10-all-domains-p001-20260911-144247-062274/cases/metric-ff-cross-v1/28_HYDROPOWER/p001
metric-ff-cross-v1,29_MARKETTRADER,p001.pddl,crash,true,1,0.031711,4864,,,not-run,results/raw/selected-10-all-domains-p001-20260911-144247-062274/cases/metric-ff-cross-v1/29_MARKETTRADER/p001
metric-ff-cross-v1,30_MPRIME,p001.pddl,solved,true,0,0.007586,3328,4,,valid,results/raw/selected-10-all-domains-p001-20260911-144247-062274/cases/metric-ff-cross-v1/30_MPRIME/p001
metric-ff-cross-v1,31_PATHWAYSMETRIC,p001.pddl,solved,true,0,0.007559,4480,14,,valid,results/raw/selected-10-all-domains-p001-20260911-144247-062274/cases/metric-ff-cross-v1/31_PATHWAYSMETRIC/p001
metric-ff-cross-v1,32_ROVER_IPC23,p001.pddl,solved,true,0,0.007506,3328,8,,valid,results/raw/selected-10-all-domains-p001-20260911-144247-062274/cases/metric-ff-cross-v1/32_ROVER_IPC23/p001
metric-ff-cross-v1,33_SAILING,p001.pddl,solved,true,0,0.063923,3328,178,,valid,results/raw/selected-10-all-domains-p001-20260911-144247-062274/cases/metric-ff-cross-v1/33_SAILING/p001
metric-ff-cross-v1,34_SETTLERSNUMERIC,p001.pddl,timeout,true,timeout,60.003845,,,,not-run,results/raw/selected-10-all-domains-p001-20260911-144247-062274/cases/metric-ff-cross-v1/34_SETTLERSNUMERIC/p001
metric-ff-cross-v1,35_SUGAR,p001.pddl,solved,true,0,0.719540,51072,17,,valid,results/raw/selected-10-all-domains-p001-20260911-144247-062274/cases/metric-ff-cross-v1/35_SUGAR/p001
metric-ff-cross-v1,36_TPP,p001.pddl,solved,true,0,0.007523,3328,7,,valid,results/raw/selected-10-all-domains-p001-20260911-144247-062274/cases/metric-ff-cross-v1/36_TPP/p001
metric-ff-cross-v1,37_ZENOTRAVEL,p001.pddl,solved,true,0,0.007504,3200,9,,valid,results/raw/selected-10-all-domains-p001-20260911-144247-062274/cases/metric-ff-cross-v1/37_ZENOTRAVEL/p001
metric-ff-cross-v1,38_SETTLERS_IPC04,p001.pddl,solved,true,0,0.717204,53248,53,,valid,results/raw/selected-10-all-domains-p001-20260911-144247-062274/cases/metric-ff-cross-v1/38_SETTLERS_IPC04/p001
metric-ff-cross-v1,39_PSR_LARGE_IPC04,p001.pddl,unsupported,false,,0,,,,not-run,results/raw/selected-10-all-domains-p001-20260911-144247-062274/cases/metric-ff-cross-v1/39_PSR_LARGE_IPC04/p001
optic,01_LOGISTIC,p001.pddl,unsolved,true,1,0.033293,10624,,,not-run,results/raw/selected-10-all-domains-p001-20260911-144247-062274/cases/optic/01_LOGISTIC/p001
optic,02_LOGISTIC_NEW,p001.pddl,unsolved,true,1,0.016002,11136,,,not-run,results/raw/selected-10-all-domains-p001-20260911-144247-062274/cases/optic/02_LOGISTIC_NEW/p001
optic,03_BLOCKSWORLD,p001.pddl,unsolved,true,1,0.015929,9984,,,not-run,results/raw/selected-10-all-domains-p001-20260911-144247-062274/cases/optic/03_BLOCKSWORLD/p001
optic,04_ROVER_CHANGMIN,p001.pddl,timeout,true,timeout,60.003928,,,,not-run,results/raw/selected-10-all-domains-p001-20260911-144247-062274/cases/optic/04_ROVER_CHANGMIN/p001
optic,05_PIPESWORLD_STRIPS,p001.pddl,unsolved,true,1,0.064488,14764,,,not-run,results/raw/selected-10-all-domains-p001-20260911-144247-062274/cases/optic/05_PIPESWORLD_STRIPS/p001
optic,06_TSP_NUMERIC,p001.pddl,timeout,true,timeout,60.001997,,,,not-run,results/raw/selected-10-all-domains-p001-20260911-144247-062274/cases/optic/06_TSP_NUMERIC/p001
optic,07_TSP_CONNECTED_NUMERIC,p001.pddl,unsolved,true,1,0.016052,10112,,,not-run,results/raw/selected-10-all-domains-p001-20260911-144247-062274/cases/optic/07_TSP_CONNECTED_NUMERIC/p001
optic,08_RAILWAYS_SIMPLE,p001.pddl,unsupported,false,,0,,,,not-run,results/raw/selected-10-all-domains-p001-20260911-144247-062274/cases/optic/08_RAILWAYS_SIMPLE/p001
optic,09_WATERING,p001.pddl,unsolved,true,1,0.016008,12032,,,not-run,results/raw/selected-10-all-domains-p001-20260911-144247-062274/cases/optic/09_WATERING/p001
optic,10_EIGHT_PUZZLE,p001.pddl,solved,true,0,0.164854,17024,8,0.007,valid,results/raw/selected-10-all-domains-p001-20260911-144247-062274/cases/optic/10_EIGHT_PUZZLE/p001
optic,11_SEEDSET,p001.pddl,crash,true,139,0.164408,10752,,,not-run,results/raw/selected-10-all-domains-p001-20260911-144247-062274/cases/optic/11_SEEDSET/p001
optic,12_BOOKNEW,p001.pddl,timeout,true,timeout,60.001621,,,,not-run,results/raw/selected-10-all-domains-p001-20260911-144247-062274/cases/optic/12_BOOKNEW/p001
optic,13_GROUNDED_TRUCKS,p001.pddl,solved,true,0,0.016043,12160,5,0.004,valid,results/raw/selected-10-all-domains-p001-20260911-144247-062274/cases/optic/13_GROUNDED_TRUCKS/p001
optic,14_DESIRE,p001.pddl,solved,true,0,0.015969,11904,1,0.000,valid,results/raw/selected-10-all-domains-p001-20260911-144247-062274/cases/optic/14_DESIRE/p001
optic,15_ISSUE49,p001.pddl,unsolved,true,0,0.016255,8960,,,not-run,results/raw/selected-10-all-domains-p001-20260911-144247-062274/cases/optic/15_ISSUE49/p001
optic,16_TEST1,p001.pddl,timeout,true,timeout,60.002206,,,,not-run,results/raw/selected-10-all-domains-p001-20260911-144247-062274/cases/optic/16_TEST1/p001
optic,17_SATELLITE,p001.pddl,unsolved,true,1,0.016051,10368,,,not-run,results/raw/selected-10-all-domains-p001-20260911-144247-062274/cases/optic/17_SATELLITE/p001
optic,18_BLOCK_GROUPING,p001.pddl,unknown,true,0,0.007871,9216,,,not-run,results/raw/selected-10-all-domains-p001-20260911-144247-062274/cases/optic/18_BLOCK_GROUPING/p001
optic,19_COUNTERS,p001.pddl,solved,true,0,0.516682,25600,12,0.005,valid,results/raw/selected-10-all-domains-p001-20260911-144247-062274/cases/optic/19_COUNTERS/p001
optic,20_DELIVERY,p001.pddl,unsolved,true,1,0.015579,10496,,,not-run,results/raw/selected-10-all-domains-p001-20260911-144247-062274/cases/optic/20_DELIVERY/p001
optic,21_DRONE,p001.pddl,solved,true,0,0.031740,12288,4,0.003,valid,results/raw/selected-10-all-domains-p001-20260911-144247-062274/cases/optic/21_DRONE/p001
optic,22_EXPEDITION,p001.pddl,timeout,true,timeout,60.001525,,,,not-run,results/raw/selected-10-all-domains-p001-20260911-144247-062274/cases/optic/22_EXPEDITION/p001
optic,23_EXT_PLANT_WATERING,p001.pddl,timeout,true,timeout,60.002091,,,,not-run,results/raw/selected-10-all-domains-p001-20260911-144247-062274/cases/optic/23_EXT_PLANT_WATERING/p001
optic,24_FARMLAND,p001.pddl,timeout,true,timeout,60.004073,,,,not-run,results/raw/selected-10-all-domains-p001-20260911-144247-062274/cases/optic/24_FARMLAND/p001
optic,25_FO_COUNTERS,p001.pddl,timeout,true,timeout,60.002122,,,,not-run,results/raw/selected-10-all-domains-p001-20260911-144247-062274/cases/optic/25_FO_COUNTERS/p001
optic,26_FO_FARMLAND,p001.pddl,unknown,true,0,0.016106,9216,,,not-run,results/raw/selected-10-all-domains-p001-20260911-144247-062274/cases/optic/26_FO_FARMLAND/p001
optic,27_FO_SAILING,p001.pddl,unknown,true,0,0.008008,9216,,,not-run,results/raw/selected-10-all-domains-p001-20260911-144247-062274/cases/optic/27_FO_SAILING/p001
optic,28_HYDROPOWER,p001.pddl,timeout,true,timeout,60.001866,,,,not-run,results/raw/selected-10-all-domains-p001-20260911-144247-062274/cases/optic/28_HYDROPOWER/p001
optic,29_MARKETTRADER,p001.pddl,timeout,true,timeout,60.002116,,,,not-run,results/raw/selected-10-all-domains-p001-20260911-144247-062274/cases/optic/29_MARKETTRADER/p001
optic,30_MPRIME,p001.pddl,unknown,true,0,0.016074,9088,,,not-run,results/raw/selected-10-all-domains-p001-20260911-144247-062274/cases/optic/30_MPRIME/p001
optic,31_PATHWAYSMETRIC,p001.pddl,timeout,true,timeout,60.002121,,,,not-run,results/raw/selected-10-all-domains-p001-20260911-144247-062274/cases/optic/31_PATHWAYSMETRIC/p001
optic,32_ROVER_IPC23,p001.pddl,solved,true,0,0.015993,12544,8,0.000,valid,results/raw/selected-10-all-domains-p001-20260911-144247-062274/cases/optic/32_ROVER_IPC23/p001
optic,33_SAILING,p001.pddl,timeout,true,timeout,60.001820,,,,not-run,results/raw/selected-10-all-domains-p001-20260911-144247-062274/cases/optic/33_SAILING/p001
optic,34_SETTLERSNUMERIC,p001.pddl,unsolved,true,1,0.066750,13056,,,not-run,results/raw/selected-10-all-domains-p001-20260911-144247-062274/cases/optic/34_SETTLERSNUMERIC/p001
optic,35_SUGAR,p001.pddl,unknown,true,0,0.016046,9728,,,not-run,results/raw/selected-10-all-domains-p001-20260911-144247-062274/cases/optic/35_SUGAR/p001
optic,36_TPP,p001.pddl,timeout,true,timeout,60.003085,,,,not-run,results/raw/selected-10-all-domains-p001-20260911-144247-062274/cases/optic/36_TPP/p001
optic,37_ZENOTRAVEL,p001.pddl,unsolved,true,1,0.016170,10240,,,not-run,results/raw/selected-10-all-domains-p001-20260911-144247-062274/cases/optic/37_ZENOTRAVEL/p001
optic,38_SETTLERS_IPC04,p001.pddl,unsolved,true,1,0.032102,13184,,,not-run,results/raw/selected-10-all-domains-p001-20260911-144247-062274/cases/optic/38_SETTLERS_IPC04/p001
optic,39_PSR_LARGE_IPC04,p001.pddl,unsupported,false,,0,,,,not-run,results/raw/selected-10-all-domains-p001-20260911-144247-062274/cases/optic/39_PSR_LARGE_IPC04/p001
panino-lnp-agile,01_LOGISTIC,p001.pddl,solved,true,0,0.368068,77056,23,23.0,valid,results/raw/selected-10-all-domains-p001-20260911-144247-062274/cases/panino-lnp-agile/01_LOGISTIC/p001
panino-lnp-agile,02_LOGISTIC_NEW,p001.pddl,solved,true,0,0.416773,97824,32,32.0,valid,results/raw/selected-10-all-domains-p001-20260911-144247-062274/cases/panino-lnp-agile/02_LOGISTIC_NEW/p001
panino-lnp-agile,03_BLOCKSWORLD,p001.pddl,solved,true,0,0.218273,72112,14,14.0,valid,results/raw/selected-10-all-domains-p001-20260911-144247-062274/cases/panino-lnp-agile/03_BLOCKSWORLD/p001
panino-lnp-agile,04_ROVER_CHANGMIN,p001.pddl,solved,true,0,0.721786,140888,41,144.60269,valid,results/raw/selected-10-all-domains-p001-20260911-144247-062274/cases/panino-lnp-agile/04_ROVER_CHANGMIN/p001
panino-lnp-agile,05_PIPESWORLD_STRIPS,p001.pddl,solved,true,0,1.021895,319936,34,34.0,valid,results/raw/selected-10-all-domains-p001-20260911-144247-062274/cases/panino-lnp-agile/05_PIPESWORLD_STRIPS/p001
panino-lnp-agile,06_TSP_NUMERIC,p001.pddl,solved,true,0,0.219200,71428,3,85.0,valid,results/raw/selected-10-all-domains-p001-20260911-144247-062274/cases/panino-lnp-agile/06_TSP_NUMERIC/p001
panino-lnp-agile,07_TSP_CONNECTED_NUMERIC,p001.pddl,solved,true,0,0.216717,74068,15,457.0,valid,results/raw/selected-10-all-domains-p001-20260911-144247-062274/cases/panino-lnp-agile/07_TSP_CONNECTED_NUMERIC/p001
panino-lnp-agile,08_RAILWAYS_SIMPLE,p001.pddl,unsupported,false,,0,,,,not-run,results/raw/selected-10-all-domains-p001-20260911-144247-062274/cases/panino-lnp-agile/08_RAILWAYS_SIMPLE/p001
panino-lnp-agile,09_WATERING,p001.pddl,solved,true,0,0.418221,92296,48,432.0,valid,results/raw/selected-10-all-domains-p001-20260911-144247-062274/cases/panino-lnp-agile/09_WATERING/p001
panino-lnp-agile,10_EIGHT_PUZZLE,p001.pddl,solved,true,0,0.268280,75376,14,14.0,valid,results/raw/selected-10-all-domains-p001-20260911-144247-062274/cases/panino-lnp-agile/10_EIGHT_PUZZLE/p001
panino-lnp-agile,11_SEEDSET,p001.pddl,unknown,true,0,0.315483,81304,,,not-run,results/raw/selected-10-all-domains-p001-20260911-144247-062274/cases/panino-lnp-agile/11_SEEDSET/p001
panino-lnp-agile,12_BOOKNEW,p001.pddl,solved,true,0,0.219596,75004,16,16.0,valid,results/raw/selected-10-all-domains-p001-20260911-144247-062274/cases/panino-lnp-agile/12_BOOKNEW/p001
panino-lnp-agile,13_GROUNDED_TRUCKS,p001.pddl,solved,true,0,0.216286,70184,5,5.0,valid,results/raw/selected-10-all-domains-p001-20260911-144247-062274/cases/panino-lnp-agile/13_GROUNDED_TRUCKS/p001
panino-lnp-agile,14_DESIRE,p001.pddl,parse-error,true,255,0.115041,55148,,,not-run,results/raw/selected-10-all-domains-p001-20260911-144247-062274/cases/panino-lnp-agile/14_DESIRE/p001
panino-lnp-agile,15_ISSUE49,p001.pddl,unknown,true,0,0.168080,72896,,,not-run,results/raw/selected-10-all-domains-p001-20260911-144247-062274/cases/panino-lnp-agile/15_ISSUE49/p001
panino-lnp-agile,16_TEST1,p001.pddl,solved,true,0,0.215155,70856,5,5.0,valid,results/raw/selected-10-all-domains-p001-20260911-144247-062274/cases/panino-lnp-agile/16_TEST1/p001
panino-lnp-agile,17_SATELLITE,p001.pddl,solved,true,0,0.319791,77172,11,109.87599,valid,results/raw/selected-10-all-domains-p001-20260911-144247-062274/cases/panino-lnp-agile/17_SATELLITE/p001
panino-lnp-agile,18_BLOCK_GROUPING,p001.pddl,solved,true,0,0.268255,76992,20,20.0,valid,results/raw/selected-10-all-domains-p001-20260911-144247-062274/cases/panino-lnp-agile/18_BLOCK_GROUPING/p001
panino-lnp-agile,19_COUNTERS,p001.pddl,solved,true,0,0.214753,71468,12,12.0,valid,results/raw/selected-10-all-domains-p001-20260911-144247-062274/cases/panino-lnp-agile/19_COUNTERS/p001
panino-lnp-agile,20_DELIVERY,p001.pddl,solved,true,0,0.318168,82352,14,34.0,valid,results/raw/selected-10-all-domains-p001-20260911-144247-062274/cases/panino-lnp-agile/20_DELIVERY/p001
panino-lnp-agile,21_DRONE,p001.pddl,solved,true,0,0.215600,72488,4,4.0,valid,results/raw/selected-10-all-domains-p001-20260911-144247-062274/cases/panino-lnp-agile/21_DRONE/p001
panino-lnp-agile,22_EXPEDITION,p001.pddl,solved,true,0,1.071346,258512,3000,3000.0,valid,results/raw/selected-10-all-domains-p001-20260911-144247-062274/cases/panino-lnp-agile/22_EXPEDITION/p001
panino-lnp-agile,23_EXT_PLANT_WATERING,p001.pddl,solved,true,0,2.332857,348700,502,502.0,valid,results/raw/selected-10-all-domains-p001-20260911-144247-062274/cases/panino-lnp-agile/23_EXT_PLANT_WATERING/p001
panino-lnp-agile,24_FARMLAND,p001.pddl,solved,true,0,0.267808,75164,341,341.0,valid,results/raw/selected-10-all-domains-p001-20260911-144247-062274/cases/panino-lnp-agile/24_FARMLAND/p001
panino-lnp-agile,25_FO_COUNTERS,p001.pddl,solved,true,0,0.217290,71428,2,2.0,valid,results/raw/selected-10-all-domains-p001-20260911-144247-062274/cases/panino-lnp-agile/25_FO_COUNTERS/p001
panino-lnp-agile,26_FO_FARMLAND,p001.pddl,solved,true,0,0.265723,74564,227,227.0,valid,results/raw/selected-10-all-domains-p001-20260911-144247-062274/cases/panino-lnp-agile/26_FO_FARMLAND/p001
panino-lnp-agile,27_FO_SAILING,p001.pddl,solved,true,0,0.316897,82088,174,174.0,valid,results/raw/selected-10-all-domains-p001-20260911-144247-062274/cases/panino-lnp-agile/27_FO_SAILING/p001
panino-lnp-agile,28_HYDROPOWER,p001.pddl,timeout,true,timeout,60.001720,,,,not-run,results/raw/selected-10-all-domains-p001-20260911-144247-062274/cases/panino-lnp-agile/28_HYDROPOWER/p001
panino-lnp-agile,29_MARKETTRADER,p001.pddl,solved,true,0,1.677792,322080,607,607.0,valid,results/raw/selected-10-all-domains-p001-20260911-144247-062274/cases/panino-lnp-agile/29_MARKETTRADER/p001
panino-lnp-agile,30_MPRIME,p001.pddl,solved,true,0,0.268602,75684,4,4.0,valid,results/raw/selected-10-all-domains-p001-20260911-144247-062274/cases/panino-lnp-agile/30_MPRIME/p001
panino-lnp-agile,31_PATHWAYSMETRIC,p001.pddl,solved,true,0,0.418573,98876,17,17.0,valid,results/raw/selected-10-all-domains-p001-20260911-144247-062274/cases/panino-lnp-agile/31_PATHWAYSMETRIC/p001
panino-lnp-agile,32_ROVER_IPC23,p001.pddl,solved,true,0,0.317756,78444,8,0.0,valid,results/raw/selected-10-all-domains-p001-20260911-144247-062274/cases/panino-lnp-agile/32_ROVER_IPC23/p001
panino-lnp-agile,33_SAILING,p001.pddl,solved,true,0,0.270695,78016,174,174.0,valid,results/raw/selected-10-all-domains-p001-20260911-144247-062274/cases/panino-lnp-agile/33_SAILING/p001
panino-lnp-agile,34_SETTLERSNUMERIC,p001.pddl,solved,true,0,4.689711,456944,131,594.0,valid,results/raw/selected-10-all-domains-p001-20260911-144247-062274/cases/panino-lnp-agile/34_SETTLERSNUMERIC/p001
panino-lnp-agile,35_SUGAR,p001.pddl,solved,true,0,0.472627,102816,25,25.0,valid,results/raw/selected-10-all-domains-p001-20260911-144247-062274/cases/panino-lnp-agile/35_SUGAR/p001
panino-lnp-agile,36_TPP,p001.pddl,solved,true,0,0.270891,74864,7,2407.93,valid,results/raw/selected-10-all-domains-p001-20260911-144247-062274/cases/panino-lnp-agile/36_TPP/p001
panino-lnp-agile,37_ZENOTRAVEL,p001.pddl,solved,true,0,0.216513,74216,11,9580.0,valid,results/raw/selected-10-all-domains-p001-20260911-144247-062274/cases/panino-lnp-agile/37_ZENOTRAVEL/p001
panino-lnp-agile,38_SETTLERS_IPC04,p001.pddl,solved,true,0,7.660294,493672,200,542.0,valid,results/raw/selected-10-all-domains-p001-20260911-144247-062274/cases/panino-lnp-agile/38_SETTLERS_IPC04/p001
panino-lnp-agile,39_PSR_LARGE_IPC04,p001.pddl,unsupported,false,,0,,,,not-run,results/raw/selected-10-all-domains-p001-20260911-144247-062274/cases/panino-lnp-agile/39_PSR_LARGE_IPC04/p001
pattint-bitwuzla,01_LOGISTIC,p001.pddl,unknown,true,0,0.365739,52508,,,not-run,results/raw/selected-10-all-domains-p001-20260911-144247-062274/cases/pattint-bitwuzla/01_LOGISTIC/p001
pattint-bitwuzla,02_LOGISTIC_NEW,p001.pddl,unknown,true,0,0.265198,52900,,,not-run,results/raw/selected-10-all-domains-p001-20260911-144247-062274/cases/pattint-bitwuzla/02_LOGISTIC_NEW/p001
pattint-bitwuzla,03_BLOCKSWORLD,p001.pddl,unknown,true,0,0.264998,52256,,,not-run,results/raw/selected-10-all-domains-p001-20260911-144247-062274/cases/pattint-bitwuzla/03_BLOCKSWORLD/p001
pattint-bitwuzla,04_ROVER_CHANGMIN,p001.pddl,unknown,true,0,0.617044,61600,,,not-run,results/raw/selected-10-all-domains-p001-20260911-144247-062274/cases/pattint-bitwuzla/04_ROVER_CHANGMIN/p001
pattint-bitwuzla,05_PIPESWORLD_STRIPS,p001.pddl,unknown,true,0,0.265026,52252,,,not-run,results/raw/selected-10-all-domains-p001-20260911-144247-062274/cases/pattint-bitwuzla/05_PIPESWORLD_STRIPS/p001
pattint-bitwuzla,06_TSP_NUMERIC,p001.pddl,solved,true,0,0.265128,56608,7,,unknown,results/raw/selected-10-all-domains-p001-20260911-144247-062274/cases/pattint-bitwuzla/06_TSP_NUMERIC/p001
pattint-bitwuzla,07_TSP_CONNECTED_NUMERIC,p001.pddl,solved,true,0,0.818026,76008,15,,valid,results/raw/selected-10-all-domains-p001-20260911-144247-062274/cases/pattint-bitwuzla/07_TSP_CONNECTED_NUMERIC/p001
pattint-bitwuzla,08_RAILWAYS_SIMPLE,p001.pddl,unsupported,false,,0,,,,not-run,results/raw/selected-10-all-domains-p001-20260911-144247-062274/cases/pattint-bitwuzla/08_RAILWAYS_SIMPLE/p001
pattint-bitwuzla,09_WATERING,p001.pddl,unknown,true,0,0.315242,53024,,,not-run,results/raw/selected-10-all-domains-p001-20260911-144247-062274/cases/pattint-bitwuzla/09_WATERING/p001
pattint-bitwuzla,10_EIGHT_PUZZLE,p001.pddl,unknown,true,0,0.265039,52128,,,not-run,results/raw/selected-10-all-domains-p001-20260911-144247-062274/cases/pattint-bitwuzla/10_EIGHT_PUZZLE/p001
pattint-bitwuzla,11_SEEDSET,p001.pddl,unknown,true,0,0.567000,59924,,,not-run,results/raw/selected-10-all-domains-p001-20260911-144247-062274/cases/pattint-bitwuzla/11_SEEDSET/p001
pattint-bitwuzla,12_BOOKNEW,p001.pddl,unknown,true,0,0.265023,52252,,,not-run,results/raw/selected-10-all-domains-p001-20260911-144247-062274/cases/pattint-bitwuzla/12_BOOKNEW/p001
pattint-bitwuzla,13_GROUNDED_TRUCKS,p001.pddl,solved,true,0,0.264928,55336,5,,valid,results/raw/selected-10-all-domains-p001-20260911-144247-062274/cases/pattint-bitwuzla/13_GROUNDED_TRUCKS/p001
pattint-bitwuzla,14_DESIRE,p001.pddl,unknown,true,0,0.264990,51992,,,not-run,results/raw/selected-10-all-domains-p001-20260911-144247-062274/cases/pattint-bitwuzla/14_DESIRE/p001
pattint-bitwuzla,15_ISSUE49,p001.pddl,unknown,true,0,0.265113,51612,,,not-run,results/raw/selected-10-all-domains-p001-20260911-144247-062274/cases/pattint-bitwuzla/15_ISSUE49/p001
pattint-bitwuzla,16_TEST1,p001.pddl,unknown,true,0,0.265134,52244,,,not-run,results/raw/selected-10-all-domains-p001-20260911-144247-062274/cases/pattint-bitwuzla/16_TEST1/p001
pattint-bitwuzla,17_SATELLITE,p001.pddl,unknown,true,0,0.265316,52112,,,not-run,results/raw/selected-10-all-domains-p001-20260911-144247-062274/cases/pattint-bitwuzla/17_SATELLITE/p001
pattint-bitwuzla,18_BLOCK_GROUPING,p001.pddl,unsupported,false,,0,,,,not-run,results/raw/selected-10-all-domains-p001-20260911-144247-062274/cases/pattint-bitwuzla/18_BLOCK_GROUPING/p001
pattint-bitwuzla,19_COUNTERS,p001.pddl,solved,true,0,0.315272,56988,35,,valid,results/raw/selected-10-all-domains-p001-20260911-144247-062274/cases/pattint-bitwuzla/19_COUNTERS/p001
pattint-bitwuzla,20_DELIVERY,p001.pddl,solved,true,0,0.818076,96332,16,,valid,results/raw/selected-10-all-domains-p001-20260911-144247-062274/cases/pattint-bitwuzla/20_DELIVERY/p001
pattint-bitwuzla,21_DRONE,p001.pddl,solved,true,0,0.315270,59788,6,,valid,results/raw/selected-10-all-domains-p001-20260911-144247-062274/cases/pattint-bitwuzla/21_DRONE/p001
pattint-bitwuzla,22_EXPEDITION,p001.pddl,solved,true,0,1.622438,94320,34,,valid,results/raw/selected-10-all-domains-p001-20260911-144247-062274/cases/pattint-bitwuzla/22_EXPEDITION/p001
pattint-bitwuzla,23_EXT_PLANT_WATERING,p001.pddl,solved,true,0,12.232196,158092,319,,valid,results/raw/selected-10-all-domains-p001-20260911-144247-062274/cases/pattint-bitwuzla/23_EXT_PLANT_WATERING/p001
pattint-bitwuzla,24_FARMLAND,p001.pddl,timeout,true,timeout,60.001562,,,,not-run,results/raw/selected-10-all-domains-p001-20260911-144247-062274/cases/pattint-bitwuzla/24_FARMLAND/p001
pattint-bitwuzla,25_FO_COUNTERS,p001.pddl,solved,true,0,0.316987,58264,63,,valid,results/raw/selected-10-all-domains-p001-20260911-144247-062274/cases/pattint-bitwuzla/25_FO_COUNTERS/p001
pattint-bitwuzla,26_FO_FARMLAND,p001.pddl,unsupported,false,,0,,,,not-run,results/raw/selected-10-all-domains-p001-20260911-144247-062274/cases/pattint-bitwuzla/26_FO_FARMLAND/p001
pattint-bitwuzla,27_FO_SAILING,p001.pddl,solved,true,0,0.315276,60056,238,,valid,results/raw/selected-10-all-domains-p001-20260911-144247-062274/cases/pattint-bitwuzla/27_FO_SAILING/p001
pattint-bitwuzla,28_HYDROPOWER,p001.pddl,solved,true,0,25.907062,264904,52,,valid,results/raw/selected-10-all-domains-p001-20260911-144247-062274/cases/pattint-bitwuzla/28_HYDROPOWER/p001
pattint-bitwuzla,29_MARKETTRADER,p001.pddl,timeout,true,timeout,60.001532,,,,not-run,results/raw/selected-10-all-domains-p001-20260911-144247-062274/cases/pattint-bitwuzla/29_MARKETTRADER/p001
pattint-bitwuzla,30_MPRIME,p001.pddl,solved,true,0,0.417481,66592,5,,valid,results/raw/selected-10-all-domains-p001-20260911-144247-062274/cases/pattint-bitwuzla/30_MPRIME/p001
pattint-bitwuzla,31_PATHWAYSMETRIC,p001.pddl,timeout,true,timeout,60.001793,,,,not-run,results/raw/selected-10-all-domains-p001-20260911-144247-062274/cases/pattint-bitwuzla/31_PATHWAYSMETRIC/p001
pattint-bitwuzla,32_ROVER_IPC23,p001.pddl,solved,true,0,0.719432,90716,19,,valid,results/raw/selected-10-all-domains-p001-20260911-144247-062274/cases/pattint-bitwuzla/32_ROVER_IPC23/p001
pattint-bitwuzla,33_SAILING,p001.pddl,unknown,true,0,0.264943,52128,,,not-run,results/raw/selected-10-all-domains-p001-20260911-144247-062274/cases/pattint-bitwuzla/33_SAILING/p001
pattint-bitwuzla,34_SETTLERSNUMERIC,p001.pddl,unsupported,false,,0,,,,not-run,results/raw/selected-10-all-domains-p001-20260911-144247-062274/cases/pattint-bitwuzla/34_SETTLERSNUMERIC/p001
pattint-bitwuzla,35_SUGAR,p001.pddl,solved,true,0,1.623400,155392,44,,unknown,results/raw/selected-10-all-domains-p001-20260911-144247-062274/cases/pattint-bitwuzla/35_SUGAR/p001
pattint-bitwuzla,36_TPP,p001.pddl,solved,true,0,1.672841,139204,18,,valid,results/raw/selected-10-all-domains-p001-20260911-144247-062274/cases/pattint-bitwuzla/36_TPP/p001
pattint-bitwuzla,37_ZENOTRAVEL,p001.pddl,solved,true,0,0.566734,78972,14,,valid,results/raw/selected-10-all-domains-p001-20260911-144247-062274/cases/pattint-bitwuzla/37_ZENOTRAVEL/p001
pattint-bitwuzla,38_SETTLERS_IPC04,p001.pddl,unsupported,false,,0,,,,not-run,results/raw/selected-10-all-domains-p001-20260911-144247-062274/cases/pattint-bitwuzla/38_SETTLERS_IPC04/p001
pattint-bitwuzla,39_PSR_LARGE_IPC04,p001.pddl,unsupported,false,,0,,,,not-run,results/raw/selected-10-all-domains-p001-20260911-144247-062274/cases/pattint-bitwuzla/39_PSR_LARGE_IPC04/p001
patty-ipc2026-agile-1,01_LOGISTIC,p001.pddl,unknown,true,0,1.069185,151768,,,not-run,results/raw/selected-10-all-domains-p001-20260911-144247-062274/cases/patty-ipc2026-agile-1/01_LOGISTIC/p001
patty-ipc2026-agile-1,02_LOGISTIC_NEW,p001.pddl,unknown,true,0,0.821478,152276,,,not-run,results/raw/selected-10-all-domains-p001-20260911-144247-062274/cases/patty-ipc2026-agile-1/02_LOGISTIC_NEW/p001
patty-ipc2026-agile-1,03_BLOCKSWORLD,p001.pddl,unknown,true,0,0.820664,152396,,,not-run,results/raw/selected-10-all-domains-p001-20260911-144247-062274/cases/patty-ipc2026-agile-1/03_BLOCKSWORLD/p001
patty-ipc2026-agile-1,04_ROVER_CHANGMIN,p001.pddl,unknown,true,0,1.174512,163864,,,not-run,results/raw/selected-10-all-domains-p001-20260911-144247-062274/cases/patty-ipc2026-agile-1/04_ROVER_CHANGMIN/p001
patty-ipc2026-agile-1,05_PIPESWORLD_STRIPS,p001.pddl,solved,true,0,58.897326,2476424,,,not-extracted,results/raw/selected-10-all-domains-p001-20260911-144247-062274/cases/patty-ipc2026-agile-1/05_PIPESWORLD_STRIPS/p001
patty-ipc2026-agile-1,06_TSP_NUMERIC,p001.pddl,solved,true,0,0.870320,183764,4,,valid,results/raw/selected-10-all-domains-p001-20260911-144247-062274/cases/patty-ipc2026-agile-1/06_TSP_NUMERIC/p001
patty-ipc2026-agile-1,07_TSP_CONNECTED_NUMERIC,p001.pddl,solved,true,0,0.973187,189132,15,,valid,results/raw/selected-10-all-domains-p001-20260911-144247-062274/cases/patty-ipc2026-agile-1/07_TSP_CONNECTED_NUMERIC/p001
patty-ipc2026-agile-1,08_RAILWAYS_SIMPLE,p001.pddl,unsupported,false,,0,,,,not-run,results/raw/selected-10-all-domains-p001-20260911-144247-062274/cases/patty-ipc2026-agile-1/08_RAILWAYS_SIMPLE/p001
patty-ipc2026-agile-1,09_WATERING,p001.pddl,unknown,true,0,0.820333,152520,,,not-run,results/raw/selected-10-all-domains-p001-20260911-144247-062274/cases/patty-ipc2026-agile-1/09_WATERING/p001
patty-ipc2026-agile-1,10_EIGHT_PUZZLE,p001.pddl,unknown,true,0,0.820054,152264,,,not-run,results/raw/selected-10-all-domains-p001-20260911-144247-062274/cases/patty-ipc2026-agile-1/10_EIGHT_PUZZLE/p001
patty-ipc2026-agile-1,11_SEEDSET,p001.pddl,unknown,true,0,1.172096,160064,,,not-run,results/raw/selected-10-all-domains-p001-20260911-144247-062274/cases/patty-ipc2026-agile-1/11_SEEDSET/p001
patty-ipc2026-agile-1,12_BOOKNEW,p001.pddl,unknown,true,0,0.821044,152228,,,not-run,results/raw/selected-10-all-domains-p001-20260911-144247-062274/cases/patty-ipc2026-agile-1/12_BOOKNEW/p001
patty-ipc2026-agile-1,13_GROUNDED_TRUCKS,p001.pddl,solved,true,0,0.870498,183888,,,not-extracted,results/raw/selected-10-all-domains-p001-20260911-144247-062274/cases/patty-ipc2026-agile-1/13_GROUNDED_TRUCKS/p001
patty-ipc2026-agile-1,14_DESIRE,p001.pddl,unknown,true,0,0.819751,152640,,,not-run,results/raw/selected-10-all-domains-p001-20260911-144247-062274/cases/patty-ipc2026-agile-1/14_DESIRE/p001
patty-ipc2026-agile-1,15_ISSUE49,p001.pddl,unknown,true,0,0.769817,152404,,,not-run,results/raw/selected-10-all-domains-p001-20260911-144247-062274/cases/patty-ipc2026-agile-1/15_ISSUE49/p001
patty-ipc2026-agile-1,16_TEST1,p001.pddl,unknown,true,0,0.821172,152276,,,not-run,results/raw/selected-10-all-domains-p001-20260911-144247-062274/cases/patty-ipc2026-agile-1/16_TEST1/p001
patty-ipc2026-agile-1,17_SATELLITE,p001.pddl,solved,true,0,2.481206,242260,14,,unknown,results/raw/selected-10-all-domains-p001-20260911-144247-062274/cases/patty-ipc2026-agile-1/17_SATELLITE/p001
patty-ipc2026-agile-1,18_BLOCK_GROUPING,p001.pddl,solved,true,0,0.920927,186444,189,,valid,results/raw/selected-10-all-domains-p001-20260911-144247-062274/cases/patty-ipc2026-agile-1/18_BLOCK_GROUPING/p001
patty-ipc2026-agile-1,19_COUNTERS,p001.pddl,solved,true,0,0.870321,184384,22,,valid,results/raw/selected-10-all-domains-p001-20260911-144247-062274/cases/patty-ipc2026-agile-1/19_COUNTERS/p001
patty-ipc2026-agile-1,20_DELIVERY,p001.pddl,solved,true,0,1.222147,199876,12,,valid,results/raw/selected-10-all-domains-p001-20260911-144247-062274/cases/patty-ipc2026-agile-1/20_DELIVERY/p001
patty-ipc2026-agile-1,21_DRONE,p001.pddl,solved,true,0,0.971112,189396,9,,valid,results/raw/selected-10-all-domains-p001-20260911-144247-062274/cases/patty-ipc2026-agile-1/21_DRONE/p001
patty-ipc2026-agile-1,22_EXPEDITION,p001.pddl,solved,true,0,2.481057,251092,36,,valid,results/raw/selected-10-all-domains-p001-20260911-144247-062274/cases/patty-ipc2026-agile-1/22_EXPEDITION/p001
patty-ipc2026-agile-1,23_EXT_PLANT_WATERING,p001.pddl,solved,true,0,2.680828,258248,273,,valid,results/raw/selected-10-all-domains-p001-20260911-144247-062274/cases/patty-ipc2026-agile-1/23_EXT_PLANT_WATERING/p001
patty-ipc2026-agile-1,24_FARMLAND,p001.pddl,solved,true,0,0.869600,184660,439,,valid,results/raw/selected-10-all-domains-p001-20260911-144247-062274/cases/patty-ipc2026-agile-1/24_FARMLAND/p001
patty-ipc2026-agile-1,25_FO_COUNTERS,p001.pddl,solved,true,0,0.870449,183756,8,,valid,results/raw/selected-10-all-domains-p001-20260911-144247-062274/cases/patty-ipc2026-agile-1/25_FO_COUNTERS/p001
patty-ipc2026-agile-1,26_FO_FARMLAND,p001.pddl,solved,true,0,0.870151,186064,239,,valid,results/raw/selected-10-all-domains-p001-20260911-144247-062274/cases/patty-ipc2026-agile-1/26_FO_FARMLAND/p001
patty-ipc2026-agile-1,27_FO_SAILING,p001.pddl,solved,true,0,0.870708,185684,293,,valid,results/raw/selected-10-all-domains-p001-20260911-144247-062274/cases/patty-ipc2026-agile-1/27_FO_SAILING/p001
patty-ipc2026-agile-1,28_HYDROPOWER,p001.pddl,solved,true,0,56.021964,212652,68,,valid,results/raw/selected-10-all-domains-p001-20260911-144247-062274/cases/patty-ipc2026-agile-1/28_HYDROPOWER/p001
patty-ipc2026-agile-1,29_MARKETTRADER,p001.pddl,timeout,true,timeout,60.003610,,,,not-run,results/raw/selected-10-all-domains-p001-20260911-144247-062274/cases/patty-ipc2026-agile-1/29_MARKETTRADER/p001
patty-ipc2026-agile-1,30_MPRIME,p001.pddl,solved,true,0,1.024799,191060,23,,valid,results/raw/selected-10-all-domains-p001-20260911-144247-062274/cases/patty-ipc2026-agile-1/30_MPRIME/p001
patty-ipc2026-agile-1,31_PATHWAYSMETRIC,p001.pddl,solved,true,0,1.071465,187016,130,,valid,results/raw/selected-10-all-domains-p001-20260911-144247-062274/cases/patty-ipc2026-agile-1/31_PATHWAYSMETRIC/p001
patty-ipc2026-agile-1,32_ROVER_IPC23,p001.pddl,solved,true,0,1.325420,206804,21,,valid,results/raw/selected-10-all-domains-p001-20260911-144247-062274/cases/patty-ipc2026-agile-1/32_ROVER_IPC23/p001
patty-ipc2026-agile-1,33_SAILING,p001.pddl,unknown,true,0,0.820822,152648,,,not-run,results/raw/selected-10-all-domains-p001-20260911-144247-062274/cases/patty-ipc2026-agile-1/33_SAILING/p001
patty-ipc2026-agile-1,34_SETTLERSNUMERIC,p001.pddl,unknown,true,0,1.375483,171968,,,not-run,results/raw/selected-10-all-domains-p001-20260911-144247-062274/cases/patty-ipc2026-agile-1/34_SETTLERSNUMERIC/p001
patty-ipc2026-agile-1,35_SUGAR,p001.pddl,solved,true,0,5.298422,289868,58,,valid,results/raw/selected-10-all-domains-p001-20260911-144247-062274/cases/patty-ipc2026-agile-1/35_SUGAR/p001
patty-ipc2026-agile-1,36_TPP,p001.pddl,solved,true,0,1.120336,196048,11,,valid,results/raw/selected-10-all-domains-p001-20260911-144247-062274/cases/patty-ipc2026-agile-1/36_TPP/p001
patty-ipc2026-agile-1,37_ZENOTRAVEL,p001.pddl,solved,true,0,1.271289,201304,12,,valid,results/raw/selected-10-all-domains-p001-20260911-144247-062274/cases/patty-ipc2026-agile-1/37_ZENOTRAVEL/p001
patty-ipc2026-agile-1,38_SETTLERS_IPC04,p001.pddl,unknown,true,0,1.372012,174268,,,not-run,results/raw/selected-10-all-domains-p001-20260911-144247-062274/cases/patty-ipc2026-agile-1/38_SETTLERS_IPC04/p001
patty-ipc2026-agile-1,39_PSR_LARGE_IPC04,p001.pddl,unsupported,false,,0,,,,not-run,results/raw/selected-10-all-domains-p001-20260911-144247-062274/cases/patty-ipc2026-agile-1/39_PSR_LARGE_IPC04/p001
planforge-ipc2026,01_LOGISTIC,p001.pddl,solved,true,0,0.164522,539980,,30.000000,not-extracted,results/raw/selected-10-all-domains-p001-20260911-144247-062274/cases/planforge-ipc2026/01_LOGISTIC/p001
planforge-ipc2026,02_LOGISTIC_NEW,p001.pddl,solved,true,0,0.616769,552384,,40.000000,not-extracted,results/raw/selected-10-all-domains-p001-20260911-144247-062274/cases/planforge-ipc2026/02_LOGISTIC_NEW/p001
planforge-ipc2026,03_BLOCKSWORLD,p001.pddl,solved,true,0,0.164561,538148,,28.000000,not-extracted,results/raw/selected-10-all-domains-p001-20260911-144247-062274/cases/planforge-ipc2026/03_BLOCKSWORLD/p001
planforge-ipc2026,04_ROVER_CHANGMIN,p001.pddl,solved,true,0,8.007979,1084776,,136.078000,not-extracted,results/raw/selected-10-all-domains-p001-20260911-144247-062274/cases/planforge-ipc2026/04_ROVER_CHANGMIN/p001
planforge-ipc2026,05_PIPESWORLD_STRIPS,p001.pddl,solved,true,0,3.884063,561384,,28.000000,not-extracted,results/raw/selected-10-all-domains-p001-20260911-144247-062274/cases/planforge-ipc2026/05_PIPESWORLD_STRIPS/p001
planforge-ipc2026,06_TSP_NUMERIC,p001.pddl,solved,true,0,0.164919,535964,,65.000000,not-extracted,results/raw/selected-10-all-domains-p001-20260911-144247-062274/cases/planforge-ipc2026/06_TSP_NUMERIC/p001
planforge-ipc2026,07_TSP_CONNECTED_NUMERIC,p001.pddl,solved,true,0,0.164781,538020,,394.000000,not-extracted,results/raw/selected-10-all-domains-p001-20260911-144247-062274/cases/planforge-ipc2026/07_TSP_CONNECTED_NUMERIC/p001
planforge-ipc2026,08_RAILWAYS_SIMPLE,p001.pddl,crash,true,101,0.164538,532508,,,not-run,results/raw/selected-10-all-domains-p001-20260911-144247-062274/cases/planforge-ipc2026/08_RAILWAYS_SIMPLE/p001
planforge-ipc2026,09_WATERING,p001.pddl,timeout,true,timeout,60.004749,,,,not-run,results/raw/selected-10-all-domains-p001-20260911-144247-062274/cases/planforge-ipc2026/09_WATERING/p001
planforge-ipc2026,10_EIGHT_PUZZLE,p001.pddl,solved,true,0,0.164564,542152,,8.000000,not-extracted,results/raw/selected-10-all-domains-p001-20260911-144247-062274/cases/planforge-ipc2026/10_EIGHT_PUZZLE/p001
planforge-ipc2026,11_SEEDSET,p001.pddl,timeout,true,timeout,60.003035,,,,not-run,results/raw/selected-10-all-domains-p001-20260911-144247-062274/cases/planforge-ipc2026/11_SEEDSET/p001
planforge-ipc2026,12_BOOKNEW,p001.pddl,solved,true,0,0.164659,538024,,14.000000,not-extracted,results/raw/selected-10-all-domains-p001-20260911-144247-062274/cases/planforge-ipc2026/12_BOOKNEW/p001
planforge-ipc2026,13_GROUNDED_TRUCKS,p001.pddl,solved,true,0,0.164508,536096,,5.000000,not-extracted,results/raw/selected-10-all-domains-p001-20260911-144247-062274/cases/planforge-ipc2026/13_GROUNDED_TRUCKS/p001
planforge-ipc2026,14_DESIRE,p001.pddl,solved,true,0,0.164591,535964,,1.000000,not-extracted,results/raw/selected-10-all-domains-p001-20260911-144247-062274/cases/planforge-ipc2026/14_DESIRE/p001
planforge-ipc2026,15_ISSUE49,p001.pddl,solved,true,0,0.164832,535956,,1.000000,not-extracted,results/raw/selected-10-all-domains-p001-20260911-144247-062274/cases/planforge-ipc2026/15_ISSUE49/p001
planforge-ipc2026,16_TEST1,p001.pddl,solved,true,0,0.164644,538060,,5.000000,not-extracted,results/raw/selected-10-all-domains-p001-20260911-144247-062274/cases/planforge-ipc2026/16_TEST1/p001
planforge-ipc2026,17_SATELLITE,p001.pddl,solved,true,0,0.164817,540104,,108.586000,not-extracted,results/raw/selected-10-all-domains-p001-20260911-144247-062274/cases/planforge-ipc2026/17_SATELLITE/p001
planforge-ipc2026,18_BLOCK_GROUPING,p001.pddl,solved,true,0,0.164431,546212,,20.000000,not-extracted,results/raw/selected-10-all-domains-p001-20260911-144247-062274/cases/planforge-ipc2026/18_BLOCK_GROUPING/p001
planforge-ipc2026,19_COUNTERS,p001.pddl,solved,true,0,0.164542,538008,,12.000000,not-extracted,results/raw/selected-10-all-domains-p001-20260911-144247-062274/cases/planforge-ipc2026/19_COUNTERS/p001
planforge-ipc2026,20_DELIVERY,p001.pddl,solved,true,0,0.215070,542024,,22.000000,not-extracted,results/raw/selected-10-all-domains-p001-20260911-144247-062274/cases/planforge-ipc2026/20_DELIVERY/p001
planforge-ipc2026,21_DRONE,p001.pddl,solved,true,0,0.164492,538024,,4.000000,not-extracted,results/raw/selected-10-all-domains-p001-20260911-144247-062274/cases/planforge-ipc2026/21_DRONE/p001
planforge-ipc2026,22_EXPEDITION,p001.pddl,solved,true,0,0.214730,548296,,26.000000,not-extracted,results/raw/selected-10-all-domains-p001-20260911-144247-062274/cases/planforge-ipc2026/22_EXPEDITION/p001
planforge-ipc2026,23_EXT_PLANT_WATERING,p001.pddl,timeout,true,timeout,60.002589,,,,not-run,results/raw/selected-10-all-domains-p001-20260911-144247-062274/cases/planforge-ipc2026/23_EXT_PLANT_WATERING/p001
planforge-ipc2026,24_FARMLAND,p001.pddl,solved,true,0,0.165000,538148,,341.000000,not-extracted,results/raw/selected-10-all-domains-p001-20260911-144247-062274/cases/planforge-ipc2026/24_FARMLAND/p001
planforge-ipc2026,25_FO_COUNTERS,p001.pddl,solved,true,0,0.164589,538020,,4.000000,not-extracted,results/raw/selected-10-all-domains-p001-20260911-144247-062274/cases/planforge-ipc2026/25_FO_COUNTERS/p001
planforge-ipc2026,26_FO_FARMLAND,p001.pddl,solved,true,0,0.265108,558540,,17.000000,not-extracted,results/raw/selected-10-all-domains-p001-20260911-144247-062274/cases/planforge-ipc2026/26_FO_FARMLAND/p001
planforge-ipc2026,27_FO_SAILING,p001.pddl,solved,true,0,21.934848,1330560,,63.000000,not-extracted,results/raw/selected-10-all-domains-p001-20260911-144247-062274/cases/planforge-ipc2026/27_FO_SAILING/p001
planforge-ipc2026,28_HYDROPOWER,p001.pddl,solved,true,0,6.699866,574932,,39.000000,not-extracted,results/raw/selected-10-all-domains-p001-20260911-144247-062274/cases/planforge-ipc2026/28_HYDROPOWER/p001
planforge-ipc2026,29_MARKETTRADER,p001.pddl,timeout,true,timeout,60.002835,,,,not-run,results/raw/selected-10-all-domains-p001-20260911-144247-062274/cases/planforge-ipc2026/29_MARKETTRADER/p001
planforge-ipc2026,30_MPRIME,p001.pddl,solved,true,0,0.164560,540096,,4.000000,not-extracted,results/raw/selected-10-all-domains-p001-20260911-144247-062274/cases/planforge-ipc2026/30_MPRIME/p001
planforge-ipc2026,31_PATHWAYSMETRIC,p001.pddl,solved,true,0,0.265095,581168,,12.000000,not-extracted,results/raw/selected-10-all-domains-p001-20260911-144247-062274/cases/planforge-ipc2026/31_PATHWAYSMETRIC/p001
planforge-ipc2026,32_ROVER_IPC23,p001.pddl,solved,true,0,0.265424,558540,,0.000000,not-extracted,results/raw/selected-10-all-domains-p001-20260911-144247-062274/cases/planforge-ipc2026/32_ROVER_IPC23/p001
planforge-ipc2026,33_SAILING,p001.pddl,solved,true,0,1.169908,687580,,174.000000,not-extracted,results/raw/selected-10-all-domains-p001-20260911-144247-062274/cases/planforge-ipc2026/33_SAILING/p001
planforge-ipc2026,34_SETTLERSNUMERIC,p001.pddl,timeout,true,timeout,60.003211,,,,not-run,results/raw/selected-10-all-domains-p001-20260911-144247-062274/cases/planforge-ipc2026/34_SETTLERSNUMERIC/p001
planforge-ipc2026,35_SUGAR,p001.pddl,solved,true,0,8.207969,628236,,12.000000,not-extracted,results/raw/selected-10-all-domains-p001-20260911-144247-062274/cases/planforge-ipc2026/35_SUGAR/p001
planforge-ipc2026,36_TPP,p001.pddl,unknown,true,0,0.164696,542116,,,not-run,results/raw/selected-10-all-domains-p001-20260911-144247-062274/cases/planforge-ipc2026/36_TPP/p001
planforge-ipc2026,37_ZENOTRAVEL,p001.pddl,solved,true,0,0.164767,538020,,5952.000000,not-extracted,results/raw/selected-10-all-domains-p001-20260911-144247-062274/cases/planforge-ipc2026/37_ZENOTRAVEL/p001
planforge-ipc2026,38_SETTLERS_IPC04,p001.pddl,timeout,true,timeout,60.004015,,,,not-run,results/raw/selected-10-all-domains-p001-20260911-144247-062274/cases/planforge-ipc2026/38_SETTLERS_IPC04/p001
planforge-ipc2026,39_PSR_LARGE_IPC04,p001.pddl,crash,true,101,0.164387,534560,,,not-run,results/raw/selected-10-all-domains-p001-20260911-144247-062274/cases/planforge-ipc2026/39_PSR_LARGE_IPC04/p001
tamerlite-ipc2026-agile-1,01_LOGISTIC,p001.pddl,solved,true,0,3.382121,148664,23,,valid,results/raw/selected-10-all-domains-p001-20260911-144247-062274/cases/tamerlite-ipc2026-agile-1/01_LOGISTIC/p001
tamerlite-ipc2026-agile-1,02_LOGISTIC_NEW,p001.pddl,solved,true,0,9.918193,153132,24,,valid,results/raw/selected-10-all-domains-p001-20260911-144247-062274/cases/tamerlite-ipc2026-agile-1/02_LOGISTIC_NEW/p001
tamerlite-ipc2026-agile-1,03_BLOCKSWORLD,p001.pddl,solved,true,0,0.466164,144820,14,,valid,results/raw/selected-10-all-domains-p001-20260911-144247-062274/cases/tamerlite-ipc2026-agile-1/03_BLOCKSWORLD/p001
tamerlite-ipc2026-agile-1,04_ROVER_CHANGMIN,p001.pddl,solved,true,0,2.125192,162356,29,,valid,results/raw/selected-10-all-domains-p001-20260911-144247-062274/cases/tamerlite-ipc2026-agile-1/04_ROVER_CHANGMIN/p001
tamerlite-ipc2026-agile-1,05_PIPESWORLD_STRIPS,p001.pddl,timeout,true,timeout,60.001573,,,,not-run,results/raw/selected-10-all-domains-p001-20260911-144247-062274/cases/tamerlite-ipc2026-agile-1/05_PIPESWORLD_STRIPS/p001
tamerlite-ipc2026-agile-1,06_TSP_NUMERIC,p001.pddl,solved,true,0,0.367196,144060,3,,valid,results/raw/selected-10-all-domains-p001-20260911-144247-062274/cases/tamerlite-ipc2026-agile-1/06_TSP_NUMERIC/p001
tamerlite-ipc2026-agile-1,07_TSP_CONNECTED_NUMERIC,p001.pddl,solved,true,0,0.516389,145836,15,,valid,results/raw/selected-10-all-domains-p001-20260911-144247-062274/cases/tamerlite-ipc2026-agile-1/07_TSP_CONNECTED_NUMERIC/p001
tamerlite-ipc2026-agile-1,08_RAILWAYS_SIMPLE,p001.pddl,unsupported,false,,0,,,,not-run,results/raw/selected-10-all-domains-p001-20260911-144247-062274/cases/tamerlite-ipc2026-agile-1/08_RAILWAYS_SIMPLE/p001
tamerlite-ipc2026-agile-1,09_WATERING,p001.pddl,unknown,true,0,0.516401,146868,,,not-run,results/raw/selected-10-all-domains-p001-20260911-144247-062274/cases/tamerlite-ipc2026-agile-1/09_WATERING/p001
tamerlite-ipc2026-agile-1,10_EIGHT_PUZZLE,p001.pddl,solved,true,0,0.922010,149312,8,,valid,results/raw/selected-10-all-domains-p001-20260911-144247-062274/cases/tamerlite-ipc2026-agile-1/10_EIGHT_PUZZLE/p001
tamerlite-ipc2026-agile-1,11_SEEDSET,p001.pddl,solved,true,0,49.185378,203316,153,,valid,results/raw/selected-10-all-domains-p001-20260911-144247-062274/cases/tamerlite-ipc2026-agile-1/11_SEEDSET/p001
tamerlite-ipc2026-agile-1,12_BOOKNEW,p001.pddl,solved,true,0,0.616745,146108,16,,valid,results/raw/selected-10-all-domains-p001-20260911-144247-062274/cases/tamerlite-ipc2026-agile-1/12_BOOKNEW/p001
tamerlite-ipc2026-agile-1,13_GROUNDED_TRUCKS,p001.pddl,solved,true,0,0.415854,144828,5,,valid,results/raw/selected-10-all-domains-p001-20260911-144247-062274/cases/tamerlite-ipc2026-agile-1/13_GROUNDED_TRUCKS/p001
tamerlite-ipc2026-agile-1,14_DESIRE,p001.pddl,solved,true,0,0.365500,142772,1,,valid,results/raw/selected-10-all-domains-p001-20260911-144247-062274/cases/tamerlite-ipc2026-agile-1/14_DESIRE/p001
tamerlite-ipc2026-agile-1,15_ISSUE49,p001.pddl,unknown,true,0,0.365672,142128,,,not-run,results/raw/selected-10-all-domains-p001-20260911-144247-062274/cases/tamerlite-ipc2026-agile-1/15_ISSUE49/p001
tamerlite-ipc2026-agile-1,16_TEST1,p001.pddl,solved,true,0,0.415991,144044,5,,valid,results/raw/selected-10-all-domains-p001-20260911-144247-062274/cases/tamerlite-ipc2026-agile-1/16_TEST1/p001
tamerlite-ipc2026-agile-1,17_SATELLITE,p001.pddl,solved,true,0,1.069400,146484,11,,valid,results/raw/selected-10-all-domains-p001-20260911-144247-062274/cases/tamerlite-ipc2026-agile-1/17_SATELLITE/p001
tamerlite-ipc2026-agile-1,18_BLOCK_GROUPING,p001.pddl,unsupported,false,,0,,,,not-run,results/raw/selected-10-all-domains-p001-20260911-144247-062274/cases/tamerlite-ipc2026-agile-1/18_BLOCK_GROUPING/p001
tamerlite-ipc2026-agile-1,19_COUNTERS,p001.pddl,solved,true,0,0.365699,143416,12,,valid,results/raw/selected-10-all-domains-p001-20260911-144247-062274/cases/tamerlite-ipc2026-agile-1/19_COUNTERS/p001
tamerlite-ipc2026-agile-1,20_DELIVERY,p001.pddl,solved,true,0,0.767749,146220,14,,valid,results/raw/selected-10-all-domains-p001-20260911-144247-062274/cases/tamerlite-ipc2026-agile-1/20_DELIVERY/p001
tamerlite-ipc2026-agile-1,21_DRONE,p001.pddl,solved,true,0,0.416728,145204,4,,valid,results/raw/selected-10-all-domains-p001-20260911-144247-062274/cases/tamerlite-ipc2026-agile-1/21_DRONE/p001
tamerlite-ipc2026-agile-1,22_EXPEDITION,p001.pddl,solved,true,0,4.640045,150580,78,,valid,results/raw/selected-10-all-domains-p001-20260911-144247-062274/cases/tamerlite-ipc2026-agile-1/22_EXPEDITION/p001
tamerlite-ipc2026-agile-1,23_EXT_PLANT_WATERING,p001.pddl,timeout,true,timeout,60.001519,,,,not-run,results/raw/selected-10-all-domains-p001-20260911-144247-062274/cases/tamerlite-ipc2026-agile-1/23_EXT_PLANT_WATERING/p001
tamerlite-ipc2026-agile-1,24_FARMLAND,p001.pddl,solved,true,0,0.467733,144332,341,,valid,results/raw/selected-10-all-domains-p001-20260911-144247-062274/cases/tamerlite-ipc2026-agile-1/24_FARMLAND/p001
tamerlite-ipc2026-agile-1,25_FO_COUNTERS,p001.pddl,solved,true,0,0.365410,144064,2,,valid,results/raw/selected-10-all-domains-p001-20260911-144247-062274/cases/tamerlite-ipc2026-agile-1/25_FO_COUNTERS/p001
tamerlite-ipc2026-agile-1,26_FO_FARMLAND,p001.pddl,unsupported,false,,0,,,,not-run,results/raw/selected-10-all-domains-p001-20260911-144247-062274/cases/tamerlite-ipc2026-agile-1/26_FO_FARMLAND/p001
tamerlite-ipc2026-agile-1,27_FO_SAILING,p001.pddl,solved,true,0,0.667202,146352,174,,valid,results/raw/selected-10-all-domains-p001-20260911-144247-062274/cases/tamerlite-ipc2026-agile-1/27_FO_SAILING/p001
tamerlite-ipc2026-agile-1,28_HYDROPOWER,p001.pddl,timeout,true,timeout,60.001737,,,,not-run,results/raw/selected-10-all-domains-p001-20260911-144247-062274/cases/tamerlite-ipc2026-agile-1/28_HYDROPOWER/p001
tamerlite-ipc2026-agile-1,29_MARKETTRADER,p001.pddl,timeout,true,timeout,60.002268,,,,not-run,results/raw/selected-10-all-domains-p001-20260911-144247-062274/cases/tamerlite-ipc2026-agile-1/29_MARKETTRADER/p001
tamerlite-ipc2026-agile-1,30_MPRIME,p001.pddl,solved,true,0,0.516962,144816,4,,valid,results/raw/selected-10-all-domains-p001-20260911-144247-062274/cases/tamerlite-ipc2026-agile-1/30_MPRIME/p001
tamerlite-ipc2026-agile-1,31_PATHWAYSMETRIC,p001.pddl,timeout,true,timeout,60.001723,,,,not-run,results/raw/selected-10-all-domains-p001-20260911-144247-062274/cases/tamerlite-ipc2026-agile-1/31_PATHWAYSMETRIC/p001
tamerlite-ipc2026-agile-1,32_ROVER_IPC23,p001.pddl,solved,true,0,0.669016,146616,8,,valid,results/raw/selected-10-all-domains-p001-20260911-144247-062274/cases/tamerlite-ipc2026-agile-1/32_ROVER_IPC23/p001
tamerlite-ipc2026-agile-1,33_SAILING,p001.pddl,solved,true,0,0.918498,147380,174,,valid,results/raw/selected-10-all-domains-p001-20260911-144247-062274/cases/tamerlite-ipc2026-agile-1/33_SAILING/p001
tamerlite-ipc2026-agile-1,34_SETTLERSNUMERIC,p001.pddl,unsupported,false,,0,,,,not-run,results/raw/selected-10-all-domains-p001-20260911-144247-062274/cases/tamerlite-ipc2026-agile-1/34_SETTLERSNUMERIC/p001
tamerlite-ipc2026-agile-1,35_SUGAR,p001.pddl,timeout,true,timeout,60.001526,,,,not-run,results/raw/selected-10-all-domains-p001-20260911-144247-062274/cases/tamerlite-ipc2026-agile-1/35_SUGAR/p001
tamerlite-ipc2026-agile-1,36_TPP,p001.pddl,solved,true,0,0.518152,146228,7,,valid,results/raw/selected-10-all-domains-p001-20260911-144247-062274/cases/tamerlite-ipc2026-agile-1/36_TPP/p001
tamerlite-ipc2026-agile-1,37_ZENOTRAVEL,p001.pddl,solved,true,0,0.465989,145328,9,,valid,results/raw/selected-10-all-domains-p001-20260911-144247-062274/cases/tamerlite-ipc2026-agile-1/37_ZENOTRAVEL/p001
tamerlite-ipc2026-agile-1,38_SETTLERS_IPC04,p001.pddl,unsupported,false,,0,,,,not-run,results/raw/selected-10-all-domains-p001-20260911-144247-062274/cases/tamerlite-ipc2026-agile-1/38_SETTLERS_IPC04/p001
tamerlite-ipc2026-agile-1,39_PSR_LARGE_IPC04,p001.pddl,unsupported,false,,0,,,,not-run,results/raw/selected-10-all-domains-p001-20260911-144247-062274/cases/tamerlite-ipc2026-agile-1/39_PSR_LARGE_IPC04/p001
tempest-numeric-ipc2026,01_LOGISTIC,p001.pddl,solved,true,0,0.516568,46312,15,,valid,results/raw/selected-10-all-domains-p001-20260911-144247-062274/cases/tempest-numeric-ipc2026/01_LOGISTIC/p001
tempest-numeric-ipc2026,02_LOGISTIC_NEW,p001.pddl,timeout,true,timeout,60.001533,,,,not-run,results/raw/selected-10-all-domains-p001-20260911-144247-062274/cases/tempest-numeric-ipc2026/02_LOGISTIC_NEW/p001
tempest-numeric-ipc2026,03_BLOCKSWORLD,p001.pddl,timeout,true,timeout,60.002292,,,,not-run,results/raw/selected-10-all-domains-p001-20260911-144247-062274/cases/tempest-numeric-ipc2026/03_BLOCKSWORLD/p001
tempest-numeric-ipc2026,04_ROVER_CHANGMIN,p001.pddl,solved,true,0,0.032178,13056,29,,valid,results/raw/selected-10-all-domains-p001-20260911-144247-062274/cases/tempest-numeric-ipc2026/04_ROVER_CHANGMIN/p001
tempest-numeric-ipc2026,05_PIPESWORLD_STRIPS,p001.pddl,solved,true,0,3.084543,245224,14,,valid,results/raw/selected-10-all-domains-p001-20260911-144247-062274/cases/tempest-numeric-ipc2026/05_PIPESWORLD_STRIPS/p001
tempest-numeric-ipc2026,06_TSP_NUMERIC,p001.pddl,solved,true,0,0.007562,4480,3,,valid,results/raw/selected-10-all-domains-p001-20260911-144247-062274/cases/tempest-numeric-ipc2026/06_TSP_NUMERIC/p001
tempest-numeric-ipc2026,07_TSP_CONNECTED_NUMERIC,p001.pddl,solved,true,0,0.015614,5120,14,,valid,results/raw/selected-10-all-domains-p001-20260911-144247-062274/cases/tempest-numeric-ipc2026/07_TSP_CONNECTED_NUMERIC/p001
tempest-numeric-ipc2026,08_RAILWAYS_SIMPLE,p001.pddl,unsupported,false,,0,,,,not-run,results/raw/selected-10-all-domains-p001-20260911-144247-062274/cases/tempest-numeric-ipc2026/08_RAILWAYS_SIMPLE/p001
tempest-numeric-ipc2026,09_WATERING,p001.pddl,timeout,true,timeout,60.001589,,,,not-run,results/raw/selected-10-all-domains-p001-20260911-144247-062274/cases/tempest-numeric-ipc2026/09_WATERING/p001
tempest-numeric-ipc2026,10_EIGHT_PUZZLE,p001.pddl,solved,true,0,0.065175,8792,36,,valid,results/raw/selected-10-all-domains-p001-20260911-144247-062274/cases/tempest-numeric-ipc2026/10_EIGHT_PUZZLE/p001
tempest-numeric-ipc2026,11_SEEDSET,p001.pddl,unsolved,true,0,0.032054,8448,,,not-run,results/raw/selected-10-all-domains-p001-20260911-144247-062274/cases/tempest-numeric-ipc2026/11_SEEDSET/p001
tempest-numeric-ipc2026,12_BOOKNEW,p001.pddl,solved,true,0,0.032053,6016,16,,valid,results/raw/selected-10-all-domains-p001-20260911-144247-062274/cases/tempest-numeric-ipc2026/12_BOOKNEW/p001
tempest-numeric-ipc2026,13_GROUNDED_TRUCKS,p001.pddl,solved,true,0,0.007878,4480,5,,valid,results/raw/selected-10-all-domains-p001-20260911-144247-062274/cases/tempest-numeric-ipc2026/13_GROUNDED_TRUCKS/p001
tempest-numeric-ipc2026,14_DESIRE,p001.pddl,solved,true,0,0.010518,4352,1,,valid,results/raw/selected-10-all-domains-p001-20260911-144247-062274/cases/tempest-numeric-ipc2026/14_DESIRE/p001
tempest-numeric-ipc2026,15_ISSUE49,p001.pddl,unsolved,true,0,0.008916,4224,,,not-run,results/raw/selected-10-all-domains-p001-20260911-144247-062274/cases/tempest-numeric-ipc2026/15_ISSUE49/p001
tempest-numeric-ipc2026,16_TEST1,p001.pddl,solved,true,0,0.007899,4608,5,,valid,results/raw/selected-10-all-domains-p001-20260911-144247-062274/cases/tempest-numeric-ipc2026/16_TEST1/p001
tempest-numeric-ipc2026,17_SATELLITE,p001.pddl,solved,true,0,0.117628,13568,11,,valid,results/raw/selected-10-all-domains-p001-20260911-144247-062274/cases/tempest-numeric-ipc2026/17_SATELLITE/p001
tempest-numeric-ipc2026,18_BLOCK_GROUPING,p001.pddl,unsupported,false,,0,,,,not-run,results/raw/selected-10-all-domains-p001-20260911-144247-062274/cases/tempest-numeric-ipc2026/18_BLOCK_GROUPING/p001
tempest-numeric-ipc2026,19_COUNTERS,p001.pddl,solved,true,0,0.033257,6656,12,,valid,results/raw/selected-10-all-domains-p001-20260911-144247-062274/cases/tempest-numeric-ipc2026/19_COUNTERS/p001
tempest-numeric-ipc2026,20_DELIVERY,p001.pddl,solved,true,0,0.015570,6272,12,,valid,results/raw/selected-10-all-domains-p001-20260911-144247-062274/cases/tempest-numeric-ipc2026/20_DELIVERY/p001
tempest-numeric-ipc2026,21_DRONE,p001.pddl,solved,true,0,0.007502,4480,4,,valid,results/raw/selected-10-all-domains-p001-20260911-144247-062274/cases/tempest-numeric-ipc2026/21_DRONE/p001
tempest-numeric-ipc2026,22_EXPEDITION,p001.pddl,solved,true,0,0.214687,17372,26,,valid,results/raw/selected-10-all-domains-p001-20260911-144247-062274/cases/tempest-numeric-ipc2026/22_EXPEDITION/p001
tempest-numeric-ipc2026,23_EXT_PLANT_WATERING,p001.pddl,solved,true,0,0.415753,7296,543,,valid,results/raw/selected-10-all-domains-p001-20260911-144247-062274/cases/tempest-numeric-ipc2026/23_EXT_PLANT_WATERING/p001
tempest-numeric-ipc2026,24_FARMLAND,p001.pddl,solved,true,0,0.031776,4480,341,,valid,results/raw/selected-10-all-domains-p001-20260911-144247-062274/cases/tempest-numeric-ipc2026/24_FARMLAND/p001
tempest-numeric-ipc2026,25_FO_COUNTERS,p001.pddl,solved,true,0,0.007530,4352,2,,valid,results/raw/selected-10-all-domains-p001-20260911-144247-062274/cases/tempest-numeric-ipc2026/25_FO_COUNTERS/p001
tempest-numeric-ipc2026,26_FO_FARMLAND,p001.pddl,unsupported,false,,0,,,,not-run,results/raw/selected-10-all-domains-p001-20260911-144247-062274/cases/tempest-numeric-ipc2026/26_FO_FARMLAND/p001
tempest-numeric-ipc2026,27_FO_SAILING,p001.pddl,solved,true,0,0.063705,5504,63,,valid,results/raw/selected-10-all-domains-p001-20260911-144247-062274/cases/tempest-numeric-ipc2026/27_FO_SAILING/p001
tempest-numeric-ipc2026,28_HYDROPOWER,p001.pddl,solved,true,0,7.605842,642864,39,,valid,results/raw/selected-10-all-domains-p001-20260911-144247-062274/cases/tempest-numeric-ipc2026/28_HYDROPOWER/p001
tempest-numeric-ipc2026,29_MARKETTRADER,p001.pddl,timeout,true,timeout,60.003647,,,,not-run,results/raw/selected-10-all-domains-p001-20260911-144247-062274/cases/tempest-numeric-ipc2026/29_MARKETTRADER/p001
tempest-numeric-ipc2026,30_MPRIME,p001.pddl,solved,true,0,0.017049,4992,5,,valid,results/raw/selected-10-all-domains-p001-20260911-144247-062274/cases/tempest-numeric-ipc2026/30_MPRIME/p001
tempest-numeric-ipc2026,31_PATHWAYSMETRIC,p001.pddl,solved,true,0,0.016121,5120,12,,valid,results/raw/selected-10-all-domains-p001-20260911-144247-062274/cases/tempest-numeric-ipc2026/31_PATHWAYSMETRIC/p001
tempest-numeric-ipc2026,32_ROVER_IPC23,p001.pddl,solved,true,0,0.015909,6016,8,,valid,results/raw/selected-10-all-domains-p001-20260911-144247-062274/cases/tempest-numeric-ipc2026/32_ROVER_IPC23/p001
tempest-numeric-ipc2026,33_SAILING,p001.pddl,unsolved,true,0,0.008513,4352,,,not-run,results/raw/selected-10-all-domains-p001-20260911-144247-062274/cases/tempest-numeric-ipc2026/33_SAILING/p001
tempest-numeric-ipc2026,34_SETTLERSNUMERIC,p001.pddl,unsupported,false,,0,,,,not-run,results/raw/selected-10-all-domains-p001-20260911-144247-062274/cases/tempest-numeric-ipc2026/34_SETTLERSNUMERIC/p001
tempest-numeric-ipc2026,35_SUGAR,p001.pddl,timeout,true,timeout,60.002038,,,,not-run,results/raw/selected-10-all-domains-p001-20260911-144247-062274/cases/tempest-numeric-ipc2026/35_SUGAR/p001
tempest-numeric-ipc2026,36_TPP,p001.pddl,solved,true,0,0.017354,5120,9,,valid,results/raw/selected-10-all-domains-p001-20260911-144247-062274/cases/tempest-numeric-ipc2026/36_TPP/p001
tempest-numeric-ipc2026,37_ZENOTRAVEL,p001.pddl,solved,true,0,0.007807,4992,9,,valid,results/raw/selected-10-all-domains-p001-20260911-144247-062274/cases/tempest-numeric-ipc2026/37_ZENOTRAVEL/p001
tempest-numeric-ipc2026,38_SETTLERS_IPC04,p001.pddl,unsupported,false,,0,,,,not-run,results/raw/selected-10-all-domains-p001-20260911-144247-062274/cases/tempest-numeric-ipc2026/38_SETTLERS_IPC04/p001
tempest-numeric-ipc2026,39_PSR_LARGE_IPC04,p001.pddl,unsupported,false,,0,,,,not-run,results/raw/selected-10-all-domains-p001-20260911-144247-062274/cases/tempest-numeric-ipc2026/39_PSR_LARGE_IPC04/p001
